_id,date,amount,description,category,subcategory,file,_manual,_business
0,30/01/2026,-8050.94,"PAYMENT TO MOODIE STEVEN JAMES",Financial & Insurance,Home loan,ANZ Joint Offset 2026-01.csv,false,false
1,28/01/2026,3500.00,"PAYMENT FROM Hawkins E A",_ignore,,ANZ Joint Offset 2026-01.csv,false,false
2,15/01/2026,-9775.00,"ANZ M-BANKING FUNDS TFER TRANSFER 279885  TO 4564X",Financial & Insurance,Transfer,ANZ Joint Offset 2026-01.csv,false,false
3,14/01/2026,6000.00,"PAYMENT FROM Hawkins E A",_ignore,,ANZ Joint Offset 2026-01.csv,false,false
4,09/01/2026,-10.00,"ACCOUNT SERVICING FEE",Financial & Insurance,Bank fees,ANZ Joint Offset 2026-01.csv,false,false
5,07/01/2026,43.90,"EFTPOS MEDICARE BENEFIT",Income,Health insurance reimbursement,ANZ Joint Offset 2026-01.csv,false,false
6,25/02/2026,3300.00,"PAYMENT FROM Hawkins E A",_ignore,,ANZ Joint Offset 2026-02.csv,false,false
7,11/02/2026,-10.00,"ACCOUNT SERVICING FEE",Financial & Insurance,Bank fees,ANZ Joint Offset 2026-02.csv,false,false
8,11/02/2026,4000.00,"PAYMENT FROM Hawkins E A",_ignore,,ANZ Joint Offset 2026-02.csv,false,false
9,29/01/2026,-150.00,"ANZ INTERNET BANKING PAYMENT 858073 TO ELLA MOODIE",Children,Child support payment,ANZ Offset 2026-01.csv,false,false
10,29/01/2026,6350.03,"PAY/SALARY FROM TALENT INTERNATI 500011896",Income,Your take-home pay,ANZ Offset 2026-01.csv,false,false
11,22/01/2026,-150.00,"ANZ INTERNET BANKING PAYMENT 687595 TO ELLA MOODIE",Children,Child support payment,ANZ Offset 2026-01.csv,false,false
12,22/01/2026,-26.00,"ANZ MOBILE BANKING PAYMENT 844618 TO ELLA MOODIE",Children,Child support payment,ANZ Offset 2026-01.csv,false,false
13,20/01/2026,-100.00,"ANZ MOBILE BANKING PAYMENT 501243 TO ELLA MOODIE",Children,Child support payment,ANZ Offset 2026-01.csv,false,false
14,15/01/2026,-150.00,"ANZ INTERNET BANKING PAYMENT 272737 TO ELLA MOODIE",Children,Child support payment,ANZ Offset 2026-01.csv,false,false
15,15/01/2026,3944.24,"PAY/SALARY FROM TALENT INTERNATI 500011896",Income,Your take-home pay,ANZ Offset 2026-01.csv,false,false
16,13/01/2026,-402.04,"PAYMENT TO BUPA AUSTRALIA   661368390000187000",Financial & Insurance,Health insurance,ANZ Offset 2026-01.csv,false,false
17,08/01/2026,-150.00,"ANZ INTERNET BANKING PAYMENT 975600 TO ELLA MOODIE",Children,Child support payment,ANZ Offset 2026-01.csv,false,false
18,02/01/2026,-150.00,"ANZ INTERNET BANKING PAYMENT 795103 TO ELLA MOODIE",Children,Child support payment,ANZ Offset 2026-01.csv,false,false
19,26/02/2026,-421.30,"ANZ INTERNET BANKING BPAY TMR REG RENEW 4817      ",Car & Transport,Rego & licence,ANZ Offset 2026-02.csv,false,false
20,26/02/2026,-150.00,"ANZ INTERNET BANKING PAYMENT 258399 TO ELLA MOODIE",Children,Child support payment,ANZ Offset 2026-02.csv,false,false
21,26/02/2026,6350.03,"PAY/SALARY FROM TALENT INTERNATI 500011896",Income,Your take-home pay,ANZ Offset 2026-02.csv,false,false
22,19/02/2026,-150.00,"ANZ INTERNET BANKING PAYMENT 735869 TO ELLA MOODIE",Children,Child support payment,ANZ Offset 2026-02.csv,false,false
23,16/02/2026,-8400.00,"ANZ M-BANKING FUNDS TFER TRANSFER 681977  TO 4564X",Financial & Insurance,Transfer,ANZ Offset 2026-02.csv,false,false
24,12/02/2026,-402.04,"PAYMENT TO BUPA AUSTRALIA   661368390000188000",Financial & Insurance,Health insurance,ANZ Offset 2026-02.csv,false,false
25,12/02/2026,-150.00,"ANZ INTERNET BANKING PAYMENT 211935 TO ELLA MOODIE",Children,Child support payment,ANZ Offset 2026-02.csv,false,false
26,12/02/2026,6350.03,"PAY/SALARY FROM TALENT INTERNATI 500011896",Income,Your take-home pay,ANZ Offset 2026-02.csv,false,false
27,05/02/2026,-150.00,"ANZ INTERNET BANKING PAYMENT 701230 TO ELLA MOODIE",Children,Child support payment,ANZ Offset 2026-02.csv,false,false
28,03/02/2026,-9700.00,"ANZ M-BANKING FUNDS TFER TRANSFER 508136  TO 4564X",Financial & Insurance,Transfer,ANZ Offset 2026-02.csv,false,false
29,30/01/2026,-203.87,"GLOW UP                   YANDINA",Eating-out & Entertainment,Restaurants,ANZ Credit Card 2026-01.csv,false,false
30,30/01/2026,-16.09,"SQ *AN NAM VIETNAMESE KIT Sippy Downs",Eating-out & Entertainment,Lunches bought,ANZ Credit Card 2026-01.csv,false,false
31,30/01/2026,-171.81,"SUNCORP INSURANCE         BRISBANE CITY",Financial & Insurance,Home & contents insurance,ANZ Credit Card 2026-01.csv,false,false
32,30/01/2026,-45.45,"SECURE PARKING PTY LTD    NORTH SYDNEY",Car & Transport,Road tolls & parking,ANZ Credit Card 2026-01.csv,false,false
33,30/01/2026,-100.03,"AMRITYU PTY LTD           BOKARINA",Car & Transport,Petrol,ANZ Credit Card 2026-01.csv,false,false
34,30/01/2026,-18.9,"POINT PARKING             KAWANA",Car & Transport,Road tolls & parking,ANZ Credit Card 2026-01.csv,false,false
35,30/01/2026,-16.6,"POINTPARKING NAMBOUR      NAMBOUR",Car & Transport,Road tolls & parking,ANZ Credit Card 2026-01.csv,false,false
36,29/01/2026,-40.2,"THE BOATSHED              COTTON TREE",Eating-out & Entertainment,Restaurants,ANZ Credit Card 2026-01.csv,false,false
37,29/01/2026,-64,"SP BANDIFY AUSTRALIA      AIRPORT WEST",Medical, personal & education,Computers & gadgets,ANZ Credit Card 2026-01.csv,false,false
38,29/01/2026,-23.75,"MCDONALDS SIPPY DOWN      SIPPY DOWNS",Eating-out & Entertainment,Take-away & snacks,ANZ Credit Card 2026-01.csv,false,false
39,29/01/2026,-57,"CHANCE PARK CHM PHARM     SIPPY DOWNS",Medical, personal & education,Medicines & pharmacy,ANZ Credit Card 2026-01.csv,false,false
40,29/01/2026,-13.5,"THEPICKLEB* EVT SOCIAL    NAMBOUR",Medical, personal & education,Sports & gym,ANZ Credit Card 2026-01.csv,false,false
41,29/01/2026,-13.5,"THEPICKLEB* EVT SOCIAL    NAMBOUR",Medical, personal & education,Sports & gym,ANZ Credit Card 2026-01.csv,false,false
42,28/01/2026,-800,"Coles Group Limited -     Hawthorn East",Eating-out & Entertainment,Celebrations & gifts,ANZ Credit Card 2026-01.csv,false,false
43,28/01/2026,-64,"FITSTOP SIPPY DO          SUNSHINE COAS",Medical, personal & education,Sports & gym,ANZ Credit Card 2026-01.csv,false,false
44,28/01/2026,-64,"FITSTOP SIPPY DO          SUNSHINE COAS",Medical, personal & education,Sports & gym,ANZ Credit Card 2026-01.csv,false,false
45,28/01/2026,-4.05,"MEGA FRESH FOOD MARKET    MOUNTAIN CREE",Groceries,Supermarket,ANZ Credit Card 2026-01.csv,false,false
46,28/01/2026,-50.36,"BUNNINGS 490000           MAROOCHYDORE",Home & utilities,Home improvements & Maintenance,ANZ Credit Card 2026-01.csv,false,false
47,27/01/2026,-170,"BWS/163 KARAWATHA ST - SH BUDERIM",Eating-out & Entertainment,Drinks & alcohol,ANZ Credit Card 2026-01.csv,false,false
48,27/01/2026,-181.77,"COLES 4647                SIPPY DOWNS",Groceries,Supermarket,ANZ Credit Card 2026-01.csv,false,false
49,27/01/2026,-54.15,"WOOLWORTHS/KARAWATHA DR & MOUNTAIN CRK",Groceries,Supermarket,ANZ Credit Card 2026-01.csv,false,false
50,27/01/2026,-90.45,"SQ *AN NAM VIETNAMESE KIT Sippy Downs",Eating-out & Entertainment,Lunches bought,ANZ Credit Card 2026-01.csv,false,false
51,27/01/2026,-25.46,"COLES 4647                SIPPY DOWNS",Groceries,Supermarket,ANZ Credit Card 2026-01.csv,false,false
52,27/01/2026,-45.45,"ZLR*Somewhere On Buderi   Buderim",Eating-out & Entertainment,Restaurants,ANZ Credit Card 2026-01.csv,false,false
53,27/01/2026,-5.31,"SFS THE CONTAINER BY      BIRTINYA",Eating-out & Entertainment,Coffee & tea,ANZ Credit Card 2026-01.csv,false,false
54,27/01/2026,-82.32,"THE FOREST BLEND CAFE     FOREST GLEN",Eating-out & Entertainment,Coffee & tea,ANZ Credit Card 2026-01.csv,false,false
55,27/01/2026,-7.2,"WOOLWORTHS/KARAWATHA DR & MOUNTAIN CRK",Groceries,Supermarket,ANZ Credit Card 2026-01.csv,false,false
56,27/01/2026,-20.99,"Netflix.com               Melbourne",Home & utilities,Streaming Services,ANZ Credit Card 2026-01.csv,false,false
57,27/01/2026,-18,"THEPICKLEB* EVT SOCIAL    NAMBOUR",Medical, personal & education,Sports & gym,ANZ Credit Card 2026-01.csv,false,false
58,27/01/2026,-18,"THEPICKLEB* EVT SOCIAL    NAMBOUR",Medical, personal & education,Sports & gym,ANZ Credit Card 2026-01.csv,false,false
59,27/01/2026,-18,"THEPICKLEB* EVT SOCIAL    NAMBOUR",Medical, personal & education,Sports & gym,ANZ Credit Card 2026-01.csv,false,false
60,27/01/2026,-53.4,"WOOLWORTHS/KARAWATHA DR & MOUNTAIN CRK",Groceries,Supermarket,ANZ Credit Card 2026-01.csv,false,false
61,27/01/2026,-80.85,"COLES 7835                BUDERIM",Groceries,Supermarket,ANZ Credit Card 2026-01.csv,false,false
62,27/01/2026,-33.47,"DBS*Goodlife Queen Str    Brisbane",Medical, personal & education,Sports & gym,ANZ Credit Card 2026-01.csv,false,false
63,27/01/2026,-50.35,"LINKT BRISBANE            BRISBANE",Car & Transport,Road tolls & parking,ANZ Credit Card 2026-01.csv,false,false
64,27/01/2026,-18,"THEPICKLEB* EVT SOCIAL    NAMBOUR",Medical, personal & education,Sports & gym,ANZ Credit Card 2026-01.csv,false,false
65,27/01/2026,-13.4,"MCDONALDS SOUTHBANK       SOUTH BRISBAN",Eating-out & Entertainment,Take-away & snacks,ANZ Credit Card 2026-01.csv,false,false
66,27/01/2026,-5.59,"SMP*Jamoke Espresso Ba    Nambour",Eating-out & Entertainment,Coffee & tea,ANZ Credit Card 2026-01.csv,false,false
67,27/01/2026,-96.75,"AMPOL SIPPY DOW 10262F    SIPPY DOWNS",Car & Transport,Petrol,ANZ Credit Card 2026-01.csv,false,false
68,23/01/2026,-9.99,"AMZNPRIMEA* AMZNPRIMEA    SYDNEY SOUTH",Eating-out & Entertainment,Movies, shows & music,ANZ Credit Card 2026-01.csv,false,false
69,23/01/2026,-20,"SOUTHBANK CARPARK         SOUTH BANK",Car & Transport,Road tolls & parking,ANZ Credit Card 2026-01.csv,false,false
70,23/01/2026,-13.2,"ROSE & CROWN              South Brisban",Eating-out & Entertainment,Bars & clubs,ANZ Credit Card 2026-01.csv,false,false
71,23/01/2026,-13.72,"Mebami                    South Brisban",Eating-out & Entertainment,Lunches bought,ANZ Credit Card 2026-01.csv,false,false
72,23/01/2026,-6.12,"SQ *BLACK FOX             Mooloolaba",Eating-out & Entertainment,Coffee & tea,ANZ Credit Card 2026-01.csv,false,false
73,23/01/2026,-480,"COASTAL AESTHETIC INJE    MAROOCHYDORE",Medical, personal & education,Hair & beauty,ANZ Credit Card 2026-01.csv,false,false
74,22/01/2026,129.95,"MYER  MAROOCHYDORE        MAROOCHYDORE",Medical, personal & education,Shopping,ANZ Credit Card 2026-01.csv,false,false
75,22/01/2026,-47.45,"COLES 4523                MAROOCHYDORE",Groceries,Supermarket,ANZ Credit Card 2026-01.csv,false,false
76,22/01/2026,-30,"TARGET 5038               MAROOCHYDORE",Medical, personal & education,Shopping,ANZ Credit Card 2026-01.csv,false,false
77,22/01/2026,-24,"KMART 1060                MAROOCHYDORE",Medical, personal & education,Shopping,ANZ Credit Card 2026-01.csv,false,false
78,22/01/2026,-253.94,"MYER  MAROOCHYDORE        MAROOCHYDORE",Medical, personal & education,Shopping,ANZ Credit Card 2026-01.csv,false,false
79,22/01/2026,-341,"NDC SERVICE CO PTY LIM    MAROOCHYDORE",Medical, personal & education,Dental,ANZ Credit Card 2026-01.csv,false,false
80,22/01/2026,-163.27,"AGL SALES 0308            MELBOURNE",Home & utilities,Electricity,ANZ Credit Card 2026-01.csv,false,false
81,22/01/2026,-58.44,"DECJUBA PTY LTD           MAROOCHYDORE",Medical, personal & education,Clothing & shoes,ANZ Credit Card 2026-01.csv,false,false
82,22/01/2026,-287.3,"QTIX TICKETING            SOUTH BRISBAN",Eating-out & Entertainment,Movies, shows & music,ANZ Credit Card 2026-01.csv,false,false
83,22/01/2026,-13.5,"THEPICKLEB* EVT SOCIAL    NAMBOUR",Medical, personal & education,Sports & gym,ANZ Credit Card 2026-01.csv,false,false
84,22/01/2026,-40.5,"THEPICKLEB* EVT SOCIAL    NAMBOUR",Medical, personal & education,Sports & gym,ANZ Credit Card 2026-01.csv,false,false
85,21/01/2026,-122.2,"ALH VENUES/81 BURNETT ST  BUDERIM",Eating-out & Entertainment,Bars & clubs,ANZ Credit Card 2026-01.csv,false,false
86,21/01/2026,-132.98,"THE GREEN AT TANAWHA      TANAWHA",Eating-out & Entertainment,Restaurants,ANZ Credit Card 2026-01.csv,false,false
87,21/01/2026,-115.36,"Bli Bli Watersports Compl Bli Bli",Medical, personal & education,Hobbies,ANZ Credit Card 2026-01.csv,false,false
88,21/01/2026,-64,"FITSTOP SIPPY DO          SUNSHINE COAS",Medical, personal & education,Sports & gym,ANZ Credit Card 2026-01.csv,false,false
89,21/01/2026,-64,"FITSTOP SIPPY DO          SUNSHINE COAS",Medical, personal & education,Sports & gym,ANZ Credit Card 2026-01.csv,false,false
90,21/01/2026,-14.1,"WELLINGTON BAKERY PART    MAROOCHYDORE",Groceries,Deli & bakery,ANZ Credit Card 2026-01.csv,false,false
91,20/01/2026,-9.3,"Boost Sunshine Plaza      Maroochydore",Eating-out & Entertainment,Take-away & snacks,ANZ Credit Card 2026-01.csv,false,false
92,20/01/2026,-308.14,"WOOLWORTHS/SUNSHINE PLZ S MAROOCHYDORE",Groceries,Supermarket,ANZ Credit Card 2026-01.csv,false,false
93,20/01/2026,-20,"BWS/50 PARK PLAZA         MAROOCHYDORE",Eating-out & Entertainment,Drinks & alcohol,ANZ Credit Card 2026-01.csv,false,false
94,20/01/2026,-68.07,"SQ *WALTER'S DINER        Maroochydore",Eating-out & Entertainment,Restaurants,ANZ Credit Card 2026-01.csv,false,false
95,20/01/2026,-1.02,"SQ *WALTER'S DINER        Maroochydore",Eating-out & Entertainment,Restaurants,ANZ Credit Card 2026-01.csv,false,false
96,20/01/2026,-120,"TARGET 5038               MAROOCHYDORE",Medical, personal & education,Shopping,ANZ Credit Card 2026-01.csv,false,false
97,20/01/2026,-16.45,"Audible Limited AU        MELBOURNE",Home & utilities,Streaming Services,ANZ Credit Card 2026-01.csv,false,false
98,20/01/2026,-35.95,"Microsoft*14 Day Trial Re msbill.info",Eating-out & Entertainment,Movies, shows & music,ANZ Credit Card 2026-01.csv,false,false
99,20/01/2026,-253.91,"MYER  MAROOCHYDORE        MAROOCHYDORE",Medical, personal & education,Shopping,ANZ Credit Card 2026-01.csv,false,false
100,20/01/2026,-28.99,"Bonds Sunshine Plaza      Maroochydore",Medical, personal & education,Clothing & shoes,ANZ Credit Card 2026-01.csv,false,false
101,20/01/2026,-112.46,"DECJUBA PTY LTD           MAROOCHYDORE",Medical, personal & education,Clothing & shoes,ANZ Credit Card 2026-01.csv,false,false
102,20/01/2026,-66.7,"Sunshine Krua Thai        Buderim",Eating-out & Entertainment,Restaurants,ANZ Credit Card 2026-01.csv,false,false
103,20/01/2026,-107.9,"SMP*Orchid Massage in03   Sippy Downs",Medical, personal & education,Hair & beauty,ANZ Credit Card 2026-01.csv,false,false
104,20/01/2026,-130,"SMP*Orchid Massage in03   Sippy Downs",Medical, personal & education,Hair & beauty,ANZ Credit Card 2026-01.csv,false,false
105,19/01/2026,-85,"L/LAND QLD    2266        SIPPY DOWNS",Eating-out & Entertainment,Drinks & alcohol,ANZ Credit Card 2026-01.csv,false,false
106,19/01/2026,-54.43,"SQ *AN NAM VIETNAMESE KIT Sippy Downs",Eating-out & Entertainment,Lunches bought,ANZ Credit Card 2026-01.csv,false,false
107,19/01/2026,-24.36,"Aussie World              Palmview",Eating-out & Entertainment,Bars & clubs,ANZ Credit Card 2026-01.csv,false,false
108,19/01/2026,-24.36,"Aussie World              Palmview",Eating-out & Entertainment,Bars & clubs,ANZ Credit Card 2026-01.csv,false,false
109,19/01/2026,-24.36,"Aussie World              Palmview",Eating-out & Entertainment,Bars & clubs,ANZ Credit Card 2026-01.csv,false,false
110,19/01/2026,-75.11,"Aussie World              Palmview",Eating-out & Entertainment,Bars & clubs,ANZ Credit Card 2026-01.csv,false,false
111,19/01/2026,-34.51,"Aussie World              Palmview",Eating-out & Entertainment,Bars & clubs,ANZ Credit Card 2026-01.csv,false,false
112,19/01/2026,-165.85,"SPER QLD TREASURY         BRISBANE",Car & Transport,Road tolls & parking,ANZ Credit Card 2026-01.csv,false,false
113,19/01/2026,-65.64,"SPINTEL PTY LTD           SURRY HILLS",Home & utilities,Internet,ANZ Credit Card 2026-01.csv,false,false
114,19/01/2026,-87.41,"YOUI - PREMIUM            SIPPY DOWNS",Financial & Insurance,Car insurance,ANZ Credit Card 2026-01.csv,false,false
115,19/01/2026,-44.96,"DAVID JONES PTY LTD -     MAROOCHYDORE",Medical, personal & education,Shopping,ANZ Credit Card 2026-01.csv,false,false
116,19/01/2026,-16,"KMART 1060                MAROOCHYDORE",Medical, personal & education,Shopping,ANZ Credit Card 2026-01.csv,false,false
117,19/01/2026,-79.94,"Forever New Clothing      Richmond",Medical, personal & education,Clothing & shoes,ANZ Credit Card 2026-01.csv,false,false
118,19/01/2026,-24.36,"Aussie World              Palmview",Eating-out & Entertainment,Bars & clubs,ANZ Credit Card 2026-01.csv,false,false
119,19/01/2026,-51,"Mecca Brands Pty Ltd      Richmond",Medical, personal & education,Hair & beauty,ANZ Credit Card 2026-01.csv,false,false
120,19/01/2026,-4,"POINTPARKING SUNSHINE     MAROOCHYDORE",Car & Transport,Road tolls & parking,ANZ Credit Card 2026-01.csv,false,false
121,19/01/2026,-56.99,"COTTON ON BODY 4839       MAROOCHYDORE",Medical, personal & education,Clothing & shoes,ANZ Credit Card 2026-01.csv,false,false
122,19/01/2026,-83,"Sunshine Coast Regiona... Sunshine C...",Home & utilities,Council rates,ANZ Credit Card 2026-01.csv,false,false
123,19/01/2026,-51.99,"AMPOL SIPPY DOW 10262F    SIPPY DOWNS",Car & Transport,Petrol,ANZ Credit Card 2026-01.csv,false,false
124,19/01/2026,-36.03,"CHANCELLOR TAVERN APP     Sippy Downs",Eating-out & Entertainment,Bars & clubs,ANZ Credit Card 2026-01.csv,false,false
125,19/01/2026,-14.85,"MCDONALDS MEADOWBROO      MEADOWBROOK",Eating-out & Entertainment,Take-away & snacks,ANZ Credit Card 2026-01.csv,false,false
126,19/01/2026,-13.4,"MCDONALDS SOUTHBANK       SOUTH BRISBAN",Eating-out & Entertainment,Take-away & snacks,ANZ Credit Card 2026-01.csv,false,false
127,19/01/2026,-18.3,"SMP*Mrs Luus Southpoin    Southbank",Eating-out & Entertainment,Lunches bought,ANZ Credit Card 2026-01.csv,false,false
128,19/01/2026,-4.05,"SFS THE CONTAINER BY      BIRTINYA",Eating-out & Entertainment,Coffee & tea,ANZ Credit Card 2026-01.csv,false,false
129,19/01/2026,-201.87,"YOUI - PREMIUM            SIPPY DOWNS",Financial & Insurance,Car insurance,ANZ Credit Card 2026-01.csv,false,false
130,19/01/2026,-27.99,"SPOTIFY                   SYDNEY",Home & utilities,Streaming Services,ANZ Credit Card 2026-01.csv,false,false
131,16/01/2026,-20,"SOUTHBANK CARPARK         SOUTH BANK",Car & Transport,Road tolls & parking,ANZ Credit Card 2026-01.csv,false,false
132,16/01/2026,-4.3,"WOOLWORTHS/217 GREY STREE STH BRISBANE",Groceries,Supermarket,ANZ Credit Card 2026-01.csv,false,false
133,16/01/2026,-38,"BWS/163 KARAWATHA ST - SH BUDERIM",Eating-out & Entertainment,Drinks & alcohol,ANZ Credit Card 2026-01.csv,false,false
134,16/01/2026,-9.09,"SECURE PARKING PTY LTD    NORTH SYDNEY",Car & Transport,Road tolls & parking,ANZ Credit Card 2026-01.csv,false,false
135,16/01/2026,-40,"HUBBL - KAYO SPORTS       131999",Home & utilities,Streaming Services,ANZ Credit Card 2026-01.csv,false,false
136,16/01/2026,-140,"TELSTRA SERVICES          MELBOURNE",Home & utilities,Mobile,ANZ Credit Card 2026-01.csv,false,false
137,15/01/2026,9775,"PAYMENT THANKYOU 279885",Financial & Insurance,Transfer,ANZ Credit Card 2026-01.csv,false,false
138,15/01/2026,-33,"BWS/163 KARAWATHA ST - SH BUDERIM",Eating-out & Entertainment,Drinks & alcohol,ANZ Credit Card 2026-01.csv,false,false
139,15/01/2026,-12.5,"WOOLWORTHS/KARAWATHA DR & MOUNTAIN CRK",Groceries,Supermarket,ANZ Credit Card 2026-01.csv,false,false
140,15/01/2026,-725,"EZI*Dietitians Austral    DEAKIN",Medical, personal & education,Education & Professional Memberships,ANZ Credit Card 2026-01.csv,false,false
141,15/01/2026,-160,"IPY*COBBCO NINE MILE      Tandur",Eating-out & Entertainment,Holidays,ANZ Credit Card 2026-01.csv,false,false
142,15/01/2026,-51.99,"AMPOL SIPPY DOW 10262F    SIPPY DOWNS",Car & Transport,Petrol,ANZ Credit Card 2026-01.csv,false,false
143,14/01/2026,-8.3,"COLES 4647                SIPPY DOWNS",Groceries,Supermarket,ANZ Credit Card 2026-01.csv,false,false
144,14/01/2026,-16.09,"SQ *AN NAM VIETNAMESE KIT Sippy Downs",Eating-out & Entertainment,Lunches bought,ANZ Credit Card 2026-01.csv,false,false
145,14/01/2026,-39.18,"WOOLWORTHS/KARAWATHA DR & MOUNTAIN CRK",Groceries,Supermarket,ANZ Credit Card 2026-01.csv,false,false
146,14/01/2026,-151.2,"Amino Z                   Caringbah",Medical, personal & education,Sports & gym,ANZ Credit Card 2026-01.csv,false,false
147,14/01/2026,-64,"FITSTOP SIPPY DO          SUNSHINE COAS",Medical, personal & education,Sports & gym,ANZ Credit Card 2026-01.csv,false,false
148,14/01/2026,-64,"FITSTOP SIPPY DO          SUNSHINE COAS",Medical, personal & education,Sports & gym,ANZ Credit Card 2026-01.csv,false,false
149,14/01/2026,-69.18,"TERRY WHITE CHEMAR        MINYAMA",Medical, personal & education,Medicines & pharmacy,ANZ Credit Card 2026-01.csv,false,false
150,14/01/2026,-7.7,"EVENT CINEMAS KAWANA      BUDDINA",Eating-out & Entertainment,Movies, shows & music,ANZ Credit Card 2026-01.csv,false,false
151,13/01/2026,-650,"THEKINKINWOOD260314NB     KIN KIN",Eating-out & Entertainment,Holidays,ANZ Credit Card 2026-01.csv,false,false
152,13/01/2026,-105.93,"Liberty Tanawha           Tanawha",Car & Transport,Petrol,ANZ Credit Card 2026-01.csv,false,false
153,13/01/2026,-23.8,"ALH VENUES/2/46 DAVID LOW DIDDILLIBAH",Eating-out & Entertainment,Bars & clubs,ANZ Credit Card 2026-01.csv,false,false
154,13/01/2026,-25,"BWS/163 KARAWATHA ST - SH BUDERIM",Eating-out & Entertainment,Drinks & alcohol,ANZ Credit Card 2026-01.csv,false,false
155,13/01/2026,-134.38,"COLES 4647                SIPPY DOWNS",Groceries,Supermarket,ANZ Credit Card 2026-01.csv,false,false
156,13/01/2026,-23.8,"ALH VENUES/2/46 DAVID LOW DIDDILLIBAH",Eating-out & Entertainment,Bars & clubs,ANZ Credit Card 2026-01.csv,false,false
157,13/01/2026,-83.6,"SPRINGBOK FOODS PTY LT    FOREST GLEN",Groceries,Deli & bakery,ANZ Credit Card 2026-01.csv,false,false
158,13/01/2026,-141.3,"EVENT KAWANA              BUDDINA",Eating-out & Entertainment,Celebrations & gifts,ANZ Credit Card 2026-01.csv,false,false
159,12/01/2026,-146.45,"POMONA DISTILLING CO      POMONA",Eating-out & Entertainment,Restaurants,ANZ Credit Card 2026-01.csv,false,false
160,12/01/2026,-104.07,"COLES 4647                SIPPY DOWNS",Groceries,Supermarket,ANZ Credit Card 2026-01.csv,false,false
161,12/01/2026,-113.38,"Liberty Tanawha           Tanawha",Car & Transport,Petrol,ANZ Credit Card 2026-01.csv,false,false
162,12/01/2026,-37.61,"Pomona Distilling Co      Pomona",Eating-out & Entertainment,Restaurants,ANZ Credit Card 2026-01.csv,false,false
163,12/01/2026,-19.95,"POMONA TRUE VALUE HA      POMONA",Home & utilities,Home improvements & Maintenance,ANZ Credit Card 2026-01.csv,false,false
164,12/01/2026,-69.54,"ZLR*Bombay Bliss - Maro   Maroochydore",Eating-out & Entertainment,Restaurants,ANZ Credit Card 2026-01.csv,false,false
165,12/01/2026,-4.05,"SFS THE CONTAINER BY      BIRTINYA",Eating-out & Entertainment,Coffee & tea,ANZ Credit Card 2026-01.csv,false,false
166,12/01/2026,-8.7,"COLES 4647                SIPPY DOWNS",Groceries,Supermarket,ANZ Credit Card 2026-01.csv,false,false
167,12/01/2026,-23.1,"Maroochy RSL              Maroochydore",Eating-out & Entertainment,Bars & clubs,ANZ Credit Card 2026-01.csv,false,false
168,12/01/2026,-32.18,"SQ *AN NAM VIETNAMESE KIT Sippy Downs",Eating-out & Entertainment,Lunches bought,ANZ Credit Card 2026-01.csv,false,false
169,12/01/2026,-32,"Dominos Estore Buderim    dominos.com.a",Eating-out & Entertainment,Take-away & snacks,ANZ Credit Card 2026-01.csv,false,false
170,12/01/2026,-4.9,"AMPOL SIPPY DOW 10262F    SIPPY DOWNS",Car & Transport,Petrol,ANZ Credit Card 2026-01.csv,false,false
171,12/01/2026,-190,"MAMMOTH FOREST GLEN       FOREST GLEN",Home & utilities,Furniture & appliances,ANZ Credit Card 2026-01.csv,false,false
172,12/01/2026,-18,"THEPICKLEB* EVT SOCIAL    NAMBOUR",Medical, personal & education,Sports & gym,ANZ Credit Card 2026-01.csv,false,false
173,12/01/2026,-18,"THEPICKLEB* EVT SOCIAL    NAMBOUR",Medical, personal & education,Sports & gym,ANZ Credit Card 2026-01.csv,false,false
174,12/01/2026,-194.88,"Pavilion Mooloolaba       Mooloolaba",Eating-out & Entertainment,Restaurants,ANZ Credit Card 2026-01.csv,false,false
175,12/01/2026,-25,"MCDONALDS SIPPY DOWN      SIPPY DOWNS",Eating-out & Entertainment,Take-away & snacks,ANZ Credit Card 2026-01.csv,false,false
176,12/01/2026,-16.25,"SUBWAY SIPPYDOWNS         SIPPY DOWNS",Eating-out & Entertainment,Take-away & snacks,ANZ Credit Card 2026-01.csv,false,false
177,12/01/2026,-5.31,"SFS THE CONTAINER BY      BIRTINYA",Eating-out & Entertainment,Coffee & tea,ANZ Credit Card 2026-01.csv,false,false
178,12/01/2026,-154,"SpaghettiHouse            South Brisban",Eating-out & Entertainment,Restaurants,ANZ Credit Card 2026-01.csv,false,false
179,12/01/2026,-10.7,"MCDONALDS SOUTHBANK       SOUTH BRISBAN",Eating-out & Entertainment,Take-away & snacks,ANZ Credit Card 2026-01.csv,false,false
180,12/01/2026,-33.47,"DBS*Goodlife Queen Str    Brisbane",Medical, personal & education,Sports & gym,ANZ Credit Card 2026-01.csv,false,false
181,12/01/2026,-4.75,"ROBINSON'S VENDING PTY LT NARANGBA",Eating-out & Entertainment,Take-away & snacks,ANZ Credit Card 2026-01.csv,false,false
182,9/01/2026,-20,"SOUTHBANK CARPARK         SOUTH BANK",Car & Transport,Road tolls & parking,ANZ Credit Card 2026-01.csv,false,false
183,9/01/2026,-95.95,"Suncoast Health Cntre     Forest Glen",Medical, personal & education,Doctors & medical,ANZ Credit Card 2026-01.csv,false,false
184,9/01/2026,-5.3,"LS Micasa Cafe Soutban    South Brisban",Eating-out & Entertainment,Coffee & tea,ANZ Credit Card 2026-01.csv,false,false
185,9/01/2026,-5.3,"LS Micasa Cafe Soutban    South Brisban",Eating-out & Entertainment,Coffee & tea,ANZ Credit Card 2026-01.csv,false,false
186,9/01/2026,-72.72,"SECURE PARKING PTY LTD    NORTH SYDNEY",Car & Transport,Road tolls & parking,ANZ Credit Card 2026-01.csv,false,false
187,9/01/2026,-24.2,"GUZMAN Y GOMEZ            SURRY HILLS",Eating-out & Entertainment,Take-away & snacks,ANZ Credit Card 2026-01.csv,false,false
188,8/01/2026,-9.99,"DD *DOORDASHDASHPASS      MELBOURNE",Eating-out & Entertainment,Take-away & snacks,ANZ Credit Card 2026-01.csv,false,false
189,8/01/2026,-46.34,"WW METRO/67 BURNETT STREE BUDERIM",Groceries,Supermarket,ANZ Credit Card 2026-01.csv,false,false
190,8/01/2026,-31.99,"Adobe                     Sydney",Medical, personal & education,Computers & gadgets,ANZ Credit Card 2026-01.csv,false,false
191,8/01/2026,-5.31,"SFS THE CONTAINER BY      BIRTINYA",Eating-out & Entertainment,Coffee & tea,ANZ Credit Card 2026-01.csv,false,false
192,8/01/2026,-4.49,"APPLE.COM/BILL            SYDNEY",Medical, personal & education,Computers & gadgets,ANZ Credit Card 2026-01.csv,false,false
193,8/01/2026,-27,"THEPICKLEB* EVT SOCIAL    NAMBOUR",Medical, personal & education,Sports & gym,ANZ Credit Card 2026-01.csv,false,false
194,8/01/2026,-13.5,"THEPICKLEB* EVT SOCIAL    NAMBOUR",Medical, personal & education,Sports & gym,ANZ Credit Card 2026-01.csv,false,false
195,7/01/2026,-53.34,"VODAFONE AUSTRALIA        NORTH SYDNEY",Home & utilities,Ellas Mobile,ANZ Credit Card 2026-01.csv,false,false
196,7/01/2026,-9.95,"BANJOS SIPPY DOWNS        SIPPY DOWNS",Groceries,Deli & bakery,ANZ Credit Card 2026-01.csv,false,false
197,7/01/2026,-64,"FITSTOP SIPPY DO          SUNSHINE COAS",Medical, personal & education,Sports & gym,ANZ Credit Card 2026-01.csv,false,false
198,7/01/2026,-64,"FITSTOP SIPPY DO          SUNSHINE COAS",Medical, personal & education,Sports & gym,ANZ Credit Card 2026-01.csv,false,false
199,7/01/2026,-10,"FOSTER & BLACK P/L        UPPER MOUNT G",Eating-out & Entertainment,Coffee & tea,ANZ Credit Card 2026-01.csv,false,false
200,7/01/2026,-58.49,"UNITED BETHANIA           BETHANIA",Car & Transport,Petrol,ANZ Credit Card 2026-01.csv,false,false
201,7/01/2026,-31.31,"BURLEIGH HDS RUGBY        MERMAID BEACH",Eating-out & Entertainment,Bars & clubs,ANZ Credit Card 2026-01.csv,false,false
202,7/01/2026,-21.21,"BURLEIGH HDS RUGBY        MERMAID BEACH",Eating-out & Entertainment,Bars & clubs,ANZ Credit Card 2026-01.csv,false,false
203,6/01/2026,-418.81,"COLES 4647                SIPPY DOWNS",Groceries,Supermarket,ANZ Credit Card 2026-01.csv,false,false
204,6/01/2026,-15.68,"SQ *AN NAM VIETNAMESE KIT Sippy Downs",Eating-out & Entertainment,Lunches bought,ANZ Credit Card 2026-01.csv,false,false
205,6/01/2026,-133,"LIQUORLAND 6476           SIPPY DOWNS",Eating-out & Entertainment,Drinks & alcohol,ANZ Credit Card 2026-01.csv,false,false
206,6/01/2026,-54.65,"Kiosk                     Alexandra Hea",Eating-out & Entertainment,Restaurants,ANZ Credit Card 2026-01.csv,false,false
207,6/01/2026,-11.99,"help.hbomax.com           St. Leonards",Home & utilities,Streaming Services,ANZ Credit Card 2026-01.csv,false,false
208,6/01/2026,-83.59,"AMPOL SIPPY DOW 10262F    SIPPY DOWNS",Car & Transport,Petrol,ANZ Credit Card 2026-01.csv,false,false
209,5/01/2026,-46.26,"COLES 4647                SIPPY DOWNS",Groceries,Supermarket,ANZ Credit Card 2026-01.csv,false,false
210,5/01/2026,-14.9,"Nandos GARDEN CITY        Mt Gravatt",Eating-out & Entertainment,Take-away & snacks,ANZ Credit Card 2026-01.csv,false,false
211,5/01/2026,-84.25,"Nandos GARDEN CITY        Mt Gravatt",Eating-out & Entertainment,Take-away & snacks,ANZ Credit Card 2026-01.csv,false,false
212,5/01/2026,-43.48,"SQ *MOUSTACHE             Mermaid Beach",Eating-out & Entertainment,Restaurants,ANZ Credit Card 2026-01.csv,false,false
213,5/01/2026,-11.18,"SQ *THE HOLLIDAY COFFEE   Mermaid Beach",Eating-out & Entertainment,Coffee & tea,ANZ Credit Card 2026-01.csv,false,false
214,5/01/2026,-10,"BYRON SHIRE COUNCIL       MULLUMBIMBY",Eating-out & Entertainment,Coffee & tea,ANZ Credit Card 2026-01.csv,false,false
215,5/01/2026,-23.3,"BRUNSWICK HOTEL OPCO P    BRUNSWICK HEA",Eating-out & Entertainment,Bars & clubs,ANZ Credit Card 2026-01.csv,false,false
216,5/01/2026,-23.54,"BRUNSWICK HOTEL OPCO P    BRUNSWICK HEA",Eating-out & Entertainment,Bars & clubs,ANZ Credit Card 2026-01.csv,false,false
217,5/01/2026,-7,"AMPOL EAGLEBY 10266F      EAGLEBY",Car & Transport,Petrol,ANZ Credit Card 2026-01.csv,false,false
218,5/01/2026,-22.22,"BRUNSWICK HOTEL OPCO P    BRUNSWICK HEA",Eating-out & Entertainment,Bars & clubs,ANZ Credit Card 2026-01.csv,false,false
219,5/01/2026,-56.67,"BRUNSWICK HOTEL OPCO P    BRUNSWICK HEA",Eating-out & Entertainment,Bars & clubs,ANZ Credit Card 2026-01.csv,false,false
220,5/01/2026,-102.31,"SQ *MORE THAI RESTAURANT  Mermaid Beach",Eating-out & Entertainment,Restaurants,ANZ Credit Card 2026-01.csv,false,false
221,5/01/2026,-30,"BWS/2223 GOLD COAST HWY-S MERMAID BCH",Eating-out & Entertainment,Drinks & alcohol,ANZ Credit Card 2026-01.csv,false,false
222,5/01/2026,-545.5,"QTIX TICKETING            SOUTH BRISBAN",Eating-out & Entertainment,Movies, shows & music,ANZ Credit Card 2026-01.csv,false,false
223,5/01/2026,-15,"SQ *MOOLOOLABA SURF LIFE  Mooloolaba",Eating-out & Entertainment,Bars & clubs,ANZ Credit Card 2026-01.csv,false,false
224,5/01/2026,-15.99,"Disney Plus               1800-965160",Home & utilities,Streaming Services,ANZ Credit Card 2026-01.csv,false,false
225,5/01/2026,-41.5,"BWS/163 KARAWATHA ST - SH BUDERIM",Eating-out & Entertainment,Drinks & alcohol,ANZ Credit Card 2026-01.csv,false,false
226,5/01/2026,-31.99,"BUNNINGS 490000           MAROOCHYDORE",Home & utilities,Home improvements & Maintenance,ANZ Credit Card 2026-01.csv,false,false
227,2/01/2026,-29.6,"ALH VENUES/NICKLIN WAY    BUDDINA",Eating-out & Entertainment,Bars & clubs,ANZ Credit Card 2026-01.csv,false,false
228,2/01/2026,-124,"LIQUORLAND 6476           SIPPY DOWNS",Eating-out & Entertainment,Drinks & alcohol,ANZ Credit Card 2026-01.csv,false,false
229,2/01/2026,-189,"Booking.com Hotel         Sydney",Eating-out & Entertainment,Holidays,ANZ Credit Card 2026-01.csv,false,false
230,2/01/2026,-5.9,"SFS SCUH MERLOT           BIRTINYA",Eating-out & Entertainment,Coffee & tea,ANZ Credit Card 2026-01.csv,false,false
231,2/01/2026,-10.82,"SQ *BLACK FOX             Mooloolaba",Eating-out & Entertainment,Coffee & tea,ANZ Credit Card 2026-01.csv,false,false
232,2/01/2026,-847.83,"TRANSPORTMAINRDS          BRISBANE",Car & Transport,Rego & licence,ANZ Credit Card 2026-01.csv,false,false
233,2/01/2026,-119.98,"COLES 4647                SIPPY DOWNS",Groceries,Supermarket,ANZ Credit Card 2026-01.csv,false,false
234,2/01/2026,-42,"LIQUORLAND 6476           SIPPY DOWNS",Eating-out & Entertainment,Drinks & alcohol,ANZ Credit Card 2026-01.csv,false,false
235,2/01/2026,-5.57,"SQ *ROCK HOP ESPRESSO     Coolum",Eating-out & Entertainment,Coffee & tea,ANZ Credit Card 2026-01.csv,false,false
236,2/01/2026,-41.96,"LS Delifish Buderim       Buderim",Groceries,Deli & bakery,ANZ Credit Card 2026-01.csv,false,false
237,2/01/2026,-59.48,"LIVELIFE PHARMACY CV      COOLUM BEACH",Medical, personal & education,Medicines & pharmacy,ANZ Credit Card 2026-01.csv,false,false
238,2/01/2026,-171.81,"SUNCORP INSURANCE         BRISBANE CITY",Financial & Insurance,Home & contents insurance,ANZ Credit Card 2026-01.csv,false,false
239,2/01/2026,13.12,"YOUI - PREMIUM            SIPPY DOWNS",Financial & Insurance,Car insurance,ANZ Credit Card 2026-01.csv,false,false
240,2/01/2026,-25.47,"ALDI STORES               BIRTINYA",Groceries,Supermarket,ANZ Credit Card 2026-01.csv,false,false
241,27/02/2026,-59.30,"WOOLWORTHS/OCEAN ST & HOR MAROOCHYDORE",Groceries,Supermarket,ANZ Credit Card 2026-02.csv,false,false
242,27/02/2026,-48.95,"WOOLWORTHS/KARAWATHA DR & MOUNTAIN CRK",Groceries,Supermarket,ANZ Credit Card 2026-02.csv,false,false
243,27/02/2026,-16.45,"KFC Sippy Downs           Sippy Downs",Eating-out & Entertainment,Take-away & snacks,ANZ Credit Card 2026-02.csv,false,false
244,27/02/2026,-1355.20,"Sunshine Coast Regiona... Sunshine C...",Home & utilities,Council rates,ANZ Credit Card 2026-02.csv,false,false
245,27/02/2026,-75.73,"Playa                     Bokarina",Eating-out & Entertainment,Restaurants,ANZ Credit Card 2026-02.csv,false,false
246,27/02/2026,-88.86,"AMRITYU PTY LTD           BOKARINA",Car & Transport,Petrol,ANZ Credit Card 2026-02.csv,false,false
247,26/02/2026,-20.00,"SOUTHBANK CARPARK         SOUTH BANK",Car & Transport,Road tolls & parking,ANZ Credit Card 2026-02.csv,false,false
248,26/02/2026,-13.72,"Mebami                    South Brisban",Eating-out & Entertainment,Lunches bought,ANZ Credit Card 2026-02.csv,false,false
249,26/02/2026,-5.30,"LS Micasa Cafe Soutban    South Brisban",Eating-out & Entertainment,Coffee & tea,ANZ Credit Card 2026-02.csv,false,false
250,26/02/2026,-45.45,"SECURE PARKING PTY LTD    NORTH SYDNEY",Car & Transport,Road tolls & parking,ANZ Credit Card 2026-02.csv,false,false
251,25/02/2026,-64.00,"FITSTOP SIPPY DO          SUNSHINE COAS",Medical, personal & education,Sports & gym,ANZ Credit Card 2026-02.csv,false,false
252,25/02/2026,-64.00,"FITSTOP SIPPY DO          SUNSHINE COAS",Medical, personal & education,Sports & gym,ANZ Credit Card 2026-02.csv,false,false
253,25/02/2026,-48.95,"WOOLWORTHS/KARAWATHA DR & MOUNTAIN CRK",Groceries,Supermarket,ANZ Credit Card 2026-02.csv,false,false
254,25/02/2026,-20.99,"Netflix.com               Melbourne",Home & utilities,Streaming Services,ANZ Credit Card 2026-02.csv,false,false
255,25/02/2026,-36.00,"THEPICKLEB* EVT SOCIAL    NAMBOUR",Medical, personal & education,Sports & gym,ANZ Credit Card 2026-02.csv,false,false
256,25/02/2026,-62.10,"MCDONALDS SIPPY DOWN      SIPPY DOWNS",Eating-out & Entertainment,Take-away & snacks,ANZ Credit Card 2026-02.csv,false,false
257,24/02/2026,-15.80,"ALH VENUES/2/46 DAVID LOW DIDDILLIBAH",Eating-out & Entertainment,Bars & clubs,ANZ Credit Card 2026-02.csv,false,false
258,24/02/2026,-139.12,"COLES 7835                BUDERIM",Groceries,Supermarket,ANZ Credit Card 2026-02.csv,false,false
259,24/02/2026,-99.34,"Liberty Tanawha           Tanawha",Car & Transport,Petrol,ANZ Credit Card 2026-02.csv,false,false
260,24/02/2026,-99.98,"SQ *DEPOT NOOSA           Noosaville",Eating-out & Entertainment,Restaurants,ANZ Credit Card 2026-02.csv,false,false
261,23/02/2026,-36.00,"BWS/23 VENNING STREET     MOOLOOLABA",Eating-out & Entertainment,Drinks & alcohol,ANZ Credit Card 2026-02.csv,false,false
262,23/02/2026,-41.00,"ALH VENUES/23 VENNING ST  MOOLOOLABA",Eating-out & Entertainment,Bars & clubs,ANZ Credit Card 2026-02.csv,false,false
263,23/02/2026,-96.00,"ALH VENUES/23 VENNING ST  MOOLOOLABA",Eating-out & Entertainment,Bars & clubs,ANZ Credit Card 2026-02.csv,false,false
264,23/02/2026,-24.40,"WOOLWORTHS/KARAWATHA DR & MOUNTAIN CRK",Groceries,Supermarket,ANZ Credit Card 2026-02.csv,false,false
265,23/02/2026,-22.80,"ALH VENUES/23 VENNING ST  MOOLOOLABA",Eating-out & Entertainment,Bars & clubs,ANZ Credit Card 2026-02.csv,false,false
266,23/02/2026,-5.04,"ZLR*Brumby's Mountain C   Mountain Cree",Groceries,Deli & bakery,ANZ Credit Card 2026-02.csv,false,false
267,23/02/2026,-9.99,"AMZNPRIMEA* AMZNPRIMEA    SYDNEY SOUTH",Eating-out & Entertainment,Movies, shows & music,ANZ Credit Card 2026-02.csv,false,false
268,23/02/2026,-23.58,"UBER *TRIP HELP.UBER.COM  Sydney",Car & Transport,Uber & taxi,ANZ Credit Card 2026-02.csv,false,false
269,23/02/2026,-141.30,"BWS/163 KARAWATHA ST - SH BUDERIM",Eating-out & Entertainment,Drinks & alcohol,ANZ Credit Card 2026-02.csv,false,false
270,23/02/2026,-263.55,"AGL SALES 0308            MELBOURNE",Home & utilities,Electricity,ANZ Credit Card 2026-02.csv,false,false
271,23/02/2026,-4.90,"AMPOL SIPPY DOW 10262F    SIPPY DOWNS",Car & Transport,Petrol,ANZ Credit Card 2026-02.csv,false,false
272,23/02/2026,-48.95,"WOOLWORTHS/KARAWATHA DR & MOUNTAIN CRK",Groceries,Supermarket,ANZ Credit Card 2026-02.csv,false,false
273,23/02/2026,-123.58,"COLES 4647                SIPPY DOWNS",Groceries,Supermarket,ANZ Credit Card 2026-02.csv,false,false
274,23/02/2026,-4.05,"SFS SCUH ALICE & GEO      BIRTINYA",Eating-out & Entertainment,Coffee & tea,ANZ Credit Card 2026-02.csv,false,false
275,23/02/2026,-14.00,"WOOLWORTHS/KARAWATHA DR & MOUNTAIN CRK",Groceries,Supermarket,ANZ Credit Card 2026-02.csv,false,false
276,23/02/2026,-19.50,"MAROOCHYDORE STATE HIG    MAROOCHYDORE",Children,School uniforms,ANZ Credit Card 2026-02.csv,false,false
277,23/02/2026,-35.95,"Microsoft*14 Day Trial Re msbill.info",Eating-out & Entertainment,Movies, shows & music,ANZ Credit Card 2026-02.csv,false,false
278,23/02/2026,-33.47,"DBS*Goodlife Queen Str    Brisbane",Medical, personal & education,Sports & gym,ANZ Credit Card 2026-02.csv,false,false
279,23/02/2026,-12.20,"SMP*Jamoke Espresso Ba    Nambour",Eating-out & Entertainment,Coffee & tea,ANZ Credit Card 2026-02.csv,false,false
280,23/02/2026,-179.40,"DNH*GODADDY#4019909627    130-035-1076",Medical, personal & education,Computers & gadgets,ANZ Credit Card 2026-02.csv,false,false
281,23/02/2026,-22.22,"SG BAKERY BUDERIM         BUDERIM",Groceries,Deli & bakery,ANZ Credit Card 2026-02.csv,false,false
282,23/02/2026,-10.41,"BACKSTREET CAFE           MOOLOOLABA",Eating-out & Entertainment,Coffee & tea,ANZ Credit Card 2026-02.csv,false,false
283,23/02/2026,-16.60,"POINTPARKING NAMBOUR      NAMBOUR",Car & Transport,Road tolls & parking,ANZ Credit Card 2026-02.csv,false,false
284,20/02/2026,-16.45,"Audible Limited AU        MELBOURNE",Home & utilities,Streaming Services,ANZ Credit Card 2026-02.csv,false,false
285,20/02/2026,-22.50,"ZLR*Wishlist Coffee Hou   Nambour",Eating-out & Entertainment,Coffee & tea,ANZ Credit Card 2026-02.csv,false,false
286,20/02/2026,-118.67,"YOUI - PREMIUM            SIPPY DOWNS",Financial & Insurance,Car insurance,ANZ Credit Card 2026-02.csv,false,false
287,20/02/2026,-80.67,"SPINTEL PTY LTD           SURRY HILLS",Home & utilities,Internet,ANZ Credit Card 2026-02.csv,false,false
288,20/02/2026,-47.50,"AMPOL SIPPY DOW 10262F    SIPPY DOWNS",Car & Transport,Petrol,ANZ Credit Card 2026-02.csv,false,false
289,19/02/2026,-132.90,"ALH VENUES/NICKLIN WAY    BUDDINA",Eating-out & Entertainment,Bars & clubs,ANZ Credit Card 2026-02.csv,false,false
290,19/02/2026,-35.00,"BWS/163 KARAWATHA ST - SH BUDERIM",Eating-out & Entertainment,Drinks & alcohol,ANZ Credit Card 2026-02.csv,false,false
291,19/02/2026,-201.91,"YOUI - PREMIUM            SIPPY DOWNS",Financial & Insurance,Car insurance,ANZ Credit Card 2026-02.csv,false,false
292,19/02/2026,-87.41,"YOUI - PREMIUM            SIPPY DOWNS",Financial & Insurance,Car insurance,ANZ Credit Card 2026-02.csv,false,false
293,18/02/2026,-64.00,"FITSTOP SIPPY DO          SUNSHINE COAS",Medical, personal & education,Sports & gym,ANZ Credit Card 2026-02.csv,false,false
294,18/02/2026,-64.00,"FITSTOP SIPPY DO          SUNSHINE COAS",Medical, personal & education,Sports & gym,ANZ Credit Card 2026-02.csv,false,false
295,18/02/2026,-151.20,"Amino Z                   Caringbah",Medical, personal & education,Sports & gym,ANZ Credit Card 2026-02.csv,false,false
296,18/02/2026,-5.31,"SFS SCUH ALICE & GEO      BIRTINYA",Eating-out & Entertainment,Coffee & tea,ANZ Credit Card 2026-02.csv,false,false
297,18/02/2026,-9.95,"BANJOS SIPPY DOWNS        SIPPY DOWNS",Groceries,Deli & bakery,ANZ Credit Card 2026-02.csv,false,false
298,18/02/2026,-9.80,"SUSHI HUB SUNSHINE P      MAROOCHYDORE",Eating-out & Entertainment,Coffee & tea,ANZ Credit Card 2026-02.csv,false,false
299,17/02/2026,-297.73,"COLES 4647                SIPPY DOWNS",Groceries,Supermarket,ANZ Credit Card 2026-02.csv,false,false
300,17/02/2026,-60.85,"Somewhere Over Coffee     Rainbow Beach",Eating-out & Entertainment,Coffee & tea,ANZ Credit Card 2026-02.csv,false,false
301,17/02/2026,-27.99,"SPOTIFY                   0012345678",Home & utilities,Streaming Services,ANZ Credit Card 2026-02.csv,false,false
302,17/02/2026,-92.92,"THE DECK SEA SALT         RAINBOW BEACH",Eating-out & Entertainment,Bars & clubs,ANZ Credit Card 2026-02.csv,false,false
303,17/02/2026,-46.46,"THE DECK SEA SALT         RAINBOW BEACH",Eating-out & Entertainment,Bars & clubs,ANZ Credit Card 2026-02.csv,false,false
304,16/02/2026,8400.00,"PAYMENT THANKYOU 681977",Financial & Insurance,Transfer,ANZ Credit Card 2026-02.csv,false,false
305,16/02/2026,-16.59,"Rainbow Beach Bakery      Rainbow Beach",Groceries,Deli & bakery,ANZ Credit Card 2026-02.csv,false,false
306,16/02/2026,-29.00,"BWS/14 RAINBOW BEACH PARA RAINBOW BEACH",Eating-out & Entertainment,Drinks & alcohol,ANZ Credit Card 2026-02.csv,false,false
307,16/02/2026,-50.75,"LITTLE PARLIAMENT         Rainbow Beach",Eating-out & Entertainment,Restaurants,ANZ Credit Card 2026-02.csv,false,false
308,16/02/2026,-45.99,"HUBBL - KAYO SPORTS       131999",Home & utilities,Streaming Services,ANZ Credit Card 2026-02.csv,false,false
309,16/02/2026,-19.00,"SP THE BODY SHOP          CHADSTONE",Medical, personal & education,Hair & beauty,ANZ Credit Card 2026-02.csv,false,false
310,16/02/2026,-24.00,"RAINBOW BEACH SURF LI     Rainbow Beach",Eating-out & Entertainment,Bars & clubs,ANZ Credit Card 2026-02.csv,false,false
311,16/02/2026,-66.04,"Galaxy Nails  sunshin     Maroochydore",Medical, personal & education,Hair & beauty,ANZ Credit Card 2026-02.csv,false,false
312,16/02/2026,-7.40,"COLES 4647                SIPPY DOWNS",Groceries,Supermarket,ANZ Credit Card 2026-02.csv,false,false
313,16/02/2026,-120.55,"COLES 4647                SIPPY DOWNS",Groceries,Supermarket,ANZ Credit Card 2026-02.csv,false,false
314,16/02/2026,-9.90,"Noosa Chocolate Factory   Noosa Heads",Eating-out & Entertainment,Take-away & snacks,ANZ Credit Card 2026-02.csv,false,false
315,16/02/2026,-84.00,"MYER  MAROOCHYDORE        MAROOCHYDORE",Medical, personal & education,Shopping,ANZ Credit Card 2026-02.csv,false,false
316,16/02/2026,-24.00,"RAINBOW BEACH SURF LI     Rainbow Beach",Eating-out & Entertainment,Bars & clubs,ANZ Credit Card 2026-02.csv,false,false
317,16/02/2026,-24.00,"RAINBOW BEACH SURF LI     Rainbow Beach",Eating-out & Entertainment,Bars & clubs,ANZ Credit Card 2026-02.csv,false,false
318,16/02/2026,-38.67,"Liberty Tanawha           Tanawha",Car & Transport,Petrol,ANZ Credit Card 2026-02.csv,false,false
319,16/02/2026,-20.00,"BWS/14 RAINBOW BEACH PARA RAINBOW BEACH",Eating-out & Entertainment,Drinks & alcohol,ANZ Credit Card 2026-02.csv,false,false
320,16/02/2026,-29.00,"RAINBOW BEACH SURF LI     Rainbow Beach",Eating-out & Entertainment,Bars & clubs,ANZ Credit Card 2026-02.csv,false,false
321,16/02/2026,-140.00,"TELSTRA SERVICES          MELBOURNE",Home & utilities,Mobile,ANZ Credit Card 2026-02.csv,false,false
322,16/02/2026,-48.84,"snshn-kr-th-bdrm          Buderim",Eating-out & Entertainment,Restaurants,ANZ Credit Card 2026-02.csv,false,false
323,16/02/2026,-18.12,"SUNNY SLOTHS PTY LTD      BIRTINYA",Children,Toys,ANZ Credit Card 2026-02.csv,false,false
324,16/02/2026,-48.00,"BWS/163 KARAWATHA ST - SH BUDERIM",Eating-out & Entertainment,Drinks & alcohol,ANZ Credit Card 2026-02.csv,false,false
325,16/02/2026,-16.09,"SQ *AN NAM VIETNAMESE KIT Sippy Downs",Eating-out & Entertainment,Lunches bought,ANZ Credit Card 2026-02.csv,false,false
326,16/02/2026,-101.05,"Liberty Tanawha           Tanawha",Car & Transport,Petrol,ANZ Credit Card 2026-02.csv,false,false
327,16/02/2026,-19.70,"MTN CREEK CHEM PHARM      MOUNTAIN CREE",Medical, personal & education,Medicines & pharmacy,ANZ Credit Card 2026-02.csv,false,false
328,16/02/2026,-10.41,"BACKSTREET CAFE           MOOLOOLABA",Eating-out & Entertainment,Coffee & tea,ANZ Credit Card 2026-02.csv,false,false
329,16/02/2026,-36.00,"THEPICKLEB* EVT SOCIAL    NAMBOUR",Medical, personal & education,Sports & gym,ANZ Credit Card 2026-02.csv,false,false
330,13/02/2026,-113.80,"McAfee.com mcafee.com/aut Mahon  Cork",Medical, personal & education,Computers & gadgets,ANZ Credit Card 2026-02.csv,false,false
331,13/02/2026,-75.60,"ALH VENUES/NICKLIN WAY    BUDDINA",Eating-out & Entertainment,Bars & clubs,ANZ Credit Card 2026-02.csv,false,false
332,13/02/2026,-50.99,"WOOLWORTHS/KARAWATHA DR & MOUNTAIN CRK",Groceries,Supermarket,ANZ Credit Card 2026-02.csv,false,false
333,13/02/2026,-5.00,"WOOLWORTHS/KARAWATHA DR & MOUNTAIN CRK",Groceries,Supermarket,ANZ Credit Card 2026-02.csv,false,false
334,13/02/2026,-36.00,"ALH VENUES/NICKLIN WAY    BUDDINA",Eating-out & Entertainment,Bars & clubs,ANZ Credit Card 2026-02.csv,false,false
335,13/02/2026,-24.20,"ALH VENUES/NICKLIN WAY    BUDDINA",Eating-out & Entertainment,Bars & clubs,ANZ Credit Card 2026-02.csv,false,false
336,13/02/2026,-389.00,"Booking.com Hotel         Sydney",Eating-out & Entertainment,Holidays,ANZ Credit Card 2026-02.csv,false,false
337,13/02/2026,-63.63,"SECURE PARKING PTY LTD    NORTH SYDNEY",Car & Transport,Road tolls & parking,ANZ Credit Card 2026-02.csv,false,false
338,13/02/2026,-5.31,"SFS THE CONTAINER BY      BIRTINYA",Eating-out & Entertainment,Coffee & tea,ANZ Credit Card 2026-02.csv,false,false
339,13/02/2026,-51.99,"AMPOL SIPPY DOW 10262F    SIPPY DOWNS",Car & Transport,Petrol,ANZ Credit Card 2026-02.csv,false,false
340,12/02/2026,-31.00,"BWS/163 KARAWATHA ST - SH BUDERIM",Eating-out & Entertainment,Drinks & alcohol,ANZ Credit Card 2026-02.csv,false,false
341,12/02/2026,-7.43,"SFS THE CONTAINER BY      BIRTINYA",Eating-out & Entertainment,Coffee & tea,ANZ Credit Card 2026-02.csv,false,false
342,12/02/2026,-76.42,"AMPOL HAMILTON 11781F     HAMILTON",Car & Transport,Petrol,ANZ Credit Card 2026-02.csv,false,false
343,11/02/2026,-64.00,"FITSTOP SIPPY DO          SUNSHINE COAS",Medical, personal & education,Sports & gym,ANZ Credit Card 2026-02.csv,false,false
344,11/02/2026,-64.00,"FITSTOP SIPPY DO          SUNSHINE COAS",Medical, personal & education,Sports & gym,ANZ Credit Card 2026-02.csv,false,false
345,11/02/2026,-50.37,"LINKT BRISBANE            BRISBANE",Car & Transport,Road tolls & parking,ANZ Credit Card 2026-02.csv,false,false
346,11/02/2026,-9.80,"SUSHI HUB SUNSHINE P      MAROOCHYDORE",Eating-out & Entertainment,Coffee & tea,ANZ Credit Card 2026-02.csv,false,false
347,11/02/2026,-9.42,"ALDI STORES               BIRTINYA",Groceries,Supermarket,ANZ Credit Card 2026-02.csv,false,false
348,11/02/2026,-5.70,"BAKERS DELIGHT BIRTI      BIRTINYA",Groceries,Deli & bakery,ANZ Credit Card 2026-02.csv,false,false
349,11/02/2026,-305.00,"SPECSAVERS MAROOCHYDOR    MAROOCHYDORE",Medical, personal & education,Glasses & eye care,ANZ Credit Card 2026-02.csv,false,false
350,11/02/2026,-75.48,"THE BOATSHED              COTTON TREE",Eating-out & Entertainment,Restaurants,ANZ Credit Card 2026-02.csv,false,false
351,11/02/2026,-36.00,"THEPICKLEB* EVT SOCIAL    NAMBOUR",Medical, personal & education,Sports & gym,ANZ Credit Card 2026-02.csv,false,false
352,10/02/2026,-70.40,"OZT*HAYLEY MARY - QUIT    WOOLLOONGABBA",Eating-out & Entertainment,Movies, shows & music,ANZ Credit Card 2026-02.csv,false,false
353,10/02/2026,-139.59,"COLES 7835                BUDERIM",Groceries,Supermarket,ANZ Credit Card 2026-02.csv,false,false
354,10/02/2026,-20.00,"L/LAND QLD 6526           BUDERIM",Eating-out & Entertainment,Drinks & alcohol,ANZ Credit Card 2026-02.csv,false,false
355,10/02/2026,-23.80,"ALH VENUES/2/46 DAVID LOW DIDDILLIBAH",Eating-out & Entertainment,Bars & clubs,ANZ Credit Card 2026-02.csv,false,false
356,10/02/2026,-71.03,"SQ *AN NAM VIETNAMESE KIT Sippy Downs",Eating-out & Entertainment,Lunches bought,ANZ Credit Card 2026-02.csv,false,false
357,09/02/2026,-120.00,"SP LSKD.CO                YATALA",Medical, personal & education,Clothing & shoes,ANZ Credit Card 2026-02.csv,false,false
358,09/02/2026,-39.53,"The Pocket Espresso       Moffat Beach",Eating-out & Entertainment,Bars & clubs,ANZ Credit Card 2026-02.csv,false,false
359,09/02/2026,-34.19,"The Pocket Espresso       Moffat Beach",Eating-out & Entertainment,Bars & clubs,ANZ Credit Card 2026-02.csv,false,false
360,09/02/2026,-61.00,"KMART 1060                MAROOCHYDORE",Medical, personal & education,Shopping,ANZ Credit Card 2026-02.csv,false,false
361,09/02/2026,-72.65,"COLES 7836                BIRTINYA",Groceries,Supermarket,ANZ Credit Card 2026-02.csv,false,false
362,09/02/2026,-16.03,"The Pocket Espresso       Moffat Beach",Eating-out & Entertainment,Bars & clubs,ANZ Credit Card 2026-02.csv,false,false
363,09/02/2026,-21.80,"Gun Cotton Coffee         INDOOROOPILLY",Eating-out & Entertainment,Restaurants,ANZ Credit Card 2026-02.csv,false,false
364,09/02/2026,-121.60,"Gun Cotton Coffee         INDOOROOPILLY",Eating-out & Entertainment,Restaurants,ANZ Credit Card 2026-02.csv,false,false
365,09/02/2026,-31.95,"A&E JONES PTY LTD         MAROOCHYDORE",Eating-out & Entertainment,Restaurants,ANZ Credit Card 2026-02.csv,false,false
366,09/02/2026,-29.85,"Cotton Tree Ice Creame    Cotton Tree",Eating-out & Entertainment,Take-away & snacks,ANZ Credit Card 2026-02.csv,false,false
367,09/02/2026,-6.00,"MAROOCHYDORE STATE HIG    MAROOCHYDORE",Children,School uniforms,ANZ Credit Card 2026-02.csv,false,false
368,09/02/2026,-7.50,"MAROOCHYDORE STATE HIG    MAROOCHYDORE",Children,School uniforms,ANZ Credit Card 2026-02.csv,false,false
369,09/02/2026,-50.18,"GLOW UP                   YANDINA",Eating-out & Entertainment,Restaurants,ANZ Credit Card 2026-02.csv,false,false
370,09/02/2026,-9.99,"DD *DOORDASHDASHPASS      MELBOURNE",Eating-out & Entertainment,Take-away & snacks,ANZ Credit Card 2026-02.csv,false,false
371,09/02/2026,-8.00,"WOOLWORTHS/OCEAN ST & HOR MAROOCHYDORE",Groceries,Supermarket,ANZ Credit Card 2026-02.csv,false,false
372,09/02/2026,-40.00,"BWS/BIG TOP S/C HORTON PD MAROOCHYDORE",Eating-out & Entertainment,Drinks & alcohol,ANZ Credit Card 2026-02.csv,false,false
373,09/02/2026,-36.00,"THEPICKLEB* EVT PAIRED    NAMBOUR",Medical, personal & education,Sports & gym,ANZ Credit Card 2026-02.csv,false,false
374,09/02/2026,-31.99,"Adobe                     Sydney",Medical, personal & education,Computers & gadgets,ANZ Credit Card 2026-02.csv,false,false
375,09/02/2026,-13.70,"KFC Caboolture BP Nort    Caboolture BP",Eating-out & Entertainment,Take-away & snacks,ANZ Credit Card 2026-02.csv,false,false
376,09/02/2026,-18.30,"SMP*Mrs Luus Southpoin    Southbank",Eating-out & Entertainment,Lunches bought,ANZ Credit Card 2026-02.csv,false,false
377,09/02/2026,-5.31,"SFS THE CONTAINER BY      BIRTINYA",Eating-out & Entertainment,Coffee & tea,ANZ Credit Card 2026-02.csv,false,false
378,09/02/2026,-4.95,"CALTEX CALOUNDRA          CALOUNDRA",Car & Transport,Petrol,ANZ Credit Card 2026-02.csv,false,false
379,09/02/2026,-36.36,"SECURE PARKING PTY LTD    NORTH SYDNEY",Car & Transport,Road tolls & parking,ANZ Credit Card 2026-02.csv,false,false
380,09/02/2026,-4.49,"APPLE.COM/BILL            SYDNEY",Medical, personal & education,Computers & gadgets,ANZ Credit Card 2026-02.csv,false,false
381,09/02/2026,-20.00,"SOUTHBANK CARPARK         SOUTH BANK",Car & Transport,Road tolls & parking,ANZ Credit Card 2026-02.csv,false,false
382,09/02/2026,-23.48,"KINGS BEACH HOTEL APP     Caloundra",Eating-out & Entertainment,Bars & clubs,ANZ Credit Card 2026-02.csv,false,false
383,09/02/2026,-23.28,"KINGS BEACH HOTEL APP     Caloundra",Eating-out & Entertainment,Bars & clubs,ANZ Credit Card 2026-02.csv,false,false
384,09/02/2026,-23.48,"KINGS BEACH HOTEL APP     Caloundra",Eating-out & Entertainment,Bars & clubs,ANZ Credit Card 2026-02.csv,false,false
385,09/02/2026,-23.48,"KINGS BEACH HOTEL APP     Caloundra",Eating-out & Entertainment,Bars & clubs,ANZ Credit Card 2026-02.csv,false,false
386,09/02/2026,-5.30,"LS Micasa Cafe Soutban    South Brisban",Eating-out & Entertainment,Coffee & tea,ANZ Credit Card 2026-02.csv,false,false
387,09/02/2026,-33.47,"DBS*Goodlife Queen Str    Brisbane",Medical, personal & education,Sports & gym,ANZ Credit Card 2026-02.csv,false,false
388,09/02/2026,-5.56,"BACKSTREET CAFE           MOOLOOLABA",Eating-out & Entertainment,Coffee & tea,ANZ Credit Card 2026-02.csv,false,false
389,09/02/2026,-20.14,"SUNNY SLOTHS PTY LTD      BIRTINYA",Children,Toys,ANZ Credit Card 2026-02.csv,false,false
390,06/02/2026,-32.18,"SQ *AN NAM VIETNAMESE KIT Sippy Downs",Eating-out & Entertainment,Lunches bought,ANZ Credit Card 2026-02.csv,false,false
391,06/02/2026,-5.31,"SFS SCUH ALICE & GEO      BIRTINYA",Eating-out & Entertainment,Coffee & tea,ANZ Credit Card 2026-02.csv,false,false
392,06/02/2026,-11.99,"help.hbomax.com           St. Leonards",Home & utilities,Streaming Services,ANZ Credit Card 2026-02.csv,false,false
393,06/02/2026,-5.31,"SFS THE CONTAINER BY      BIRTINYA",Eating-out & Entertainment,Coffee & tea,ANZ Credit Card 2026-02.csv,false,false
394,05/02/2026,-262.46,"QANTAS AIR                MASCOT",Eating-out & Entertainment,Holidays,ANZ Credit Card 2026-02.csv,false,false
395,05/02/2026,-1093.73,"Cars on Booking           London",Eating-out & Entertainment,Holidays,ANZ Credit Card 2026-02.csv,false,false
396,05/02/2026,-100.02,"Liberty Tanawha           Tanawha",Car & Transport,Petrol,ANZ Credit Card 2026-02.csv,false,false
397,05/02/2026,-53.34,"VODAFONE AUSTRALIA        NORTH SYDNEY",Home & utilities,Ellas Mobile,ANZ Credit Card 2026-02.csv,false,false
398,04/02/2026,-64.00,"FITSTOP SIPPY DO          SUNSHINE COAS",Medical, personal & education,Sports & gym,ANZ Credit Card 2026-02.csv,false,false
399,04/02/2026,-64.00,"FITSTOP SIPPY DO          SUNSHINE COAS",Medical, personal & education,Sports & gym,ANZ Credit Card 2026-02.csv,false,false
400,04/02/2026,-43.32,"COLES 4647                SIPPY DOWNS",Groceries,Supermarket,ANZ Credit Card 2026-02.csv,false,false
401,04/02/2026,-14.00,"LIQUORLAND 6476           SIPPY DOWNS",Eating-out & Entertainment,Drinks & alcohol,ANZ Credit Card 2026-02.csv,false,false
402,04/02/2026,-83.97,"HARRIS SCARFE MRHYDR      MAROOCHYDORE",Home & utilities,Furniture & appliances,ANZ Credit Card 2026-02.csv,false,false
403,04/02/2026,-110.00,"SPOTLIGHT                 MAROOCHYDORE",Home & utilities,Home improvements & Maintenance,ANZ Credit Card 2026-02.csv,false,false
404,04/02/2026,-144.54,"BUNNINGS 490000           MAROOCHYDORE",Home & utilities,Home improvements & Maintenance,ANZ Credit Card 2026-02.csv,false,false
405,04/02/2026,-36.00,"THEPICKLEB* EVT SOCIAL    NAMBOUR",Medical, personal & education,Sports & gym,ANZ Credit Card 2026-02.csv,false,false
406,03/02/2026,9700.00,"PAYMENT THANKYOU 508136",Financial & Insurance,Transfer,ANZ Credit Card 2026-02.csv,false,false
407,03/02/2026,-1997.26,"JETSTAR AIR KK2YQV        WWW.JETSTAR.C",Eating-out & Entertainment,Holidays,ANZ Credit Card 2026-02.csv,false,false
408,03/02/2026,-569.50,"GORGE VIEW KATHERINE      KATHERINE",Eating-out & Entertainment,Holidays,ANZ Credit Card 2026-02.csv,false,false
409,03/02/2026,-323.67,"COLES 4647                SIPPY DOWNS",Groceries,Supermarket,ANZ Credit Card 2026-02.csv,false,false
410,03/02/2026,-15.99,"Disney Plus               1800-965160",Home & utilities,Streaming Services,ANZ Credit Card 2026-02.csv,false,false
411,03/02/2026,-370.17,"Hotel at Booking.com      Sydney",Eating-out & Entertainment,Holidays,ANZ Credit Card 2026-02.csv,false,false
412,03/02/2026,-65.50,"Riba Kai                  Maroochydore",Eating-out & Entertainment,Restaurants,ANZ Credit Card 2026-02.csv,false,false
413,02/02/2026,-26.43,"Dock Mooloolaba           Mooloolaba",Eating-out & Entertainment,Bars & clubs,ANZ Credit Card 2026-02.csv,false,false
414,02/02/2026,-27.38,"ZLR*The Beach Bar & Gri   Mooloolaba",Eating-out & Entertainment,Restaurants,ANZ Credit Card 2026-02.csv,false,false
415,02/02/2026,-82.15,"ZLR*The Beach Bar & Gri   Mooloolaba",Eating-out & Entertainment,Restaurants,ANZ Credit Card 2026-02.csv,false,false
416,02/02/2026,-26.37,"ZLR*The Beach Bar & Gri   Mooloolaba",Eating-out & Entertainment,Restaurants,ANZ Credit Card 2026-02.csv,false,false
417,02/02/2026,-26.00,"BWS/RIVER ESP & PARKLYN P MOOLOOLABA",Eating-out & Entertainment,Drinks & alcohol,ANZ Credit Card 2026-02.csv,false,false
418,02/02/2026,-486.40,"GARRY CRICKS NAMBOUR      MAROOCHYDORE",Car & Transport,Repairs & maintenance,ANZ Credit Card 2026-02.csv,false,false
419,02/02/2026,18.00,"THEPICKLEB* EVT SOCIAL    NAMBOUR",Medical, personal & education,Sports & gym,ANZ Credit Card 2026-02.csv,false,false
420,02/02/2026,18.00,"THEPICKLEB* EVT SOCIAL    NAMBOUR",Medical, personal & education,Sports & gym,ANZ Credit Card 2026-02.csv,false,false
421,02/02/2026,-35.75,"UBER *EATS HELP.UBER.COM  Sydney",Eating-out & Entertainment,Take-away & snacks,ANZ Credit Card 2026-02.csv,false,false
422,02/02/2026,-63.80,"Nandos MAROOCHYDORE       Maroochydore",Eating-out & Entertainment,Take-away & snacks,ANZ Credit Card 2026-02.csv,false,false
423,02/02/2026,-5.59,"SMP*Jamoke Espresso Ba    Nambour",Eating-out & Entertainment,Coffee & tea,ANZ Credit Card 2026-02.csv,false,false
424,02/02/2026,-16.60,"POINTPARKING NAMBOUR      NAMBOUR",Car & Transport,Road tolls & parking,ANZ Credit Card 2026-02.csv,false,false
425,02/02/2026,-78.80,"WOOLWORTHS/KARAWATHA DR & MOUNTAIN CRK",Groceries,Supermarket,ANZ Credit Card 2026-02.csv,false,false
426,02/02/2026,-5.56,"BACKSTREET CAFE           MOOLOOLABA",Eating-out & Entertainment,Coffee & tea,ANZ Credit Card 2026-02.csv,false,false
427,31/01/2026,3.47,"Payment",,,Macquarie Pay 2026-01.csv,false,false
428,30/01/2026,328.68,"From E552212Txn420196 - 552212*RP 18/02/20",Income,Other income,Macquarie Pay 2026-01.csv,false,false
429,28/01/2026,-3500,"To Elizabeth Hawkins  - Funds transfer",Financial & Insurance,Transfer,Macquarie Pay 2026-01.csv,false,false
430,28/01/2026,3112.39,"Salary from QLD DEPARTMENT O - SALARY 00428738",Income,Your partner's take-home pay,Macquarie Pay 2026-01.csv,false,false
431,16/01/2026,328.68,"From E552212Txn419100 - 552212*RP 18/02/20",Income,Other income,Macquarie Pay 2026-01.csv,false,false
432,16/01/2026,0.02,"From closed account xx5111",,,Macquarie Pay 2026-01.csv,false,false
433,16/01/2026,0.07,"From closed account xx5695",,,Macquarie Pay 2026-01.csv,false,false
434,14/01/2026,-6000,"To Elizabeth Hawkins  - Funds transfer",Financial & Insurance,Transfer,Macquarie Pay 2026-01.csv,false,false
435,14/01/2026,-600,"To linked account xx2193 - Internal transfer",Financial & Insurance,Transfer,Macquarie Pay 2026-01.csv,false,false
436,14/01/2026,3075.86,"Salary from QLD DEPARTMENT O - SALARY 00428738",Income,Your partner's take-home pay,Macquarie Pay 2026-01.csv,false,false
437,02/01/2026,328.68,"From E552212Txn418095 - 552212*RP 18/02/20",Income,Other income,Macquarie Pay 2026-01.csv,false,false
438,28/02/2026,0.59,"Payment",,,Macquarie Spending 2026-02.csv,false,false
439,25/02/2026,-90.11,"Transfer To Elizabeth Hawkins - Kids expenses",Financial & Insurance,Transfer,Macquarie Spending 2026-02.csv,false,false
440,25/02/2026,-12.89,"Transfer To Elizabeth Hawkins - Spotifyhealthmobil",Home & utilities,Streaming Services,Macquarie Spending 2026-02.csv,false,false
441,22/02/2026,-10,"Transfer To Bailen Rouse-Upjohn - Family love",Children,Child support payment,Macquarie Spending 2026-02.csv,false,false
442,22/02/2026,-10,"Transfer To Jasper Rouse-upjohn - Family love",Children,Child support payment,Macquarie Spending 2026-02.csv,false,false
443,18/02/2026,-90.11,"Transfer To Elizabeth Hawkins - Kids expenses",Financial & Insurance,Transfer,Macquarie Spending 2026-02.csv,false,false
444,18/02/2026,-12.89,"Transfer To Elizabeth Hawkins - Spotifyhealthmobil",Home & utilities,Streaming Services,Macquarie Spending 2026-02.csv,false,false
445,16/02/2026,150,"From AUSTRALIAN UNITY - AU HEALTH 31246163",Income,Health insurance reimbursement,Macquarie Spending 2026-02.csv,false,false
446,15/02/2026,-10,"Transfer To Bailen Rouse-Upjohn - Family love",Children,Child support payment,Macquarie Spending 2026-02.csv,false,false
447,15/02/2026,-10,"Transfer To Jasper Rouse-upjohn - Family love",Children,Child support payment,Macquarie Spending 2026-02.csv,false,false
448,11/02/2026,350,"From linked account xx4650 - Internal transfer",Financial & Insurance,Transfer,Macquarie Spending 2026-02.csv,false,false
449,11/02/2026,-155,"To Jasper Rouse-Upjohn - Gift card exchange",Children,Child support payment,Macquarie Spending 2026-02.csv,false,false
450,11/02/2026,-95,"To Bailen Rouse-Upjohn - Cash exchange",Children,Child support payment,Macquarie Spending 2026-02.csv,false,false
451,11/02/2026,-90.11,"Transfer To Elizabeth Hawkins - Kids expenses",Financial & Insurance,Transfer,Macquarie Spending 2026-02.csv,false,false
452,11/02/2026,-12.89,"Transfer To Elizabeth Hawkins - Spotifyhealthmobil",Home & utilities,Streaming Services,Macquarie Spending 2026-02.csv,false,false
453,08/02/2026,-10,"Transfer To Bailen Rouse-Upjohn - Family love",Children,Child support payment,Macquarie Spending 2026-02.csv,false,false
454,08/02/2026,-10,"Transfer To Jasper Rouse-upjohn - Family love",Children,Child support payment,Macquarie Spending 2026-02.csv,false,false
455,06/02/2026,-20.34,"To Jasper Rouse-Upjohn - Yummy ribs",Children,Child support payment,Macquarie Spending 2026-02.csv,false,false
456,05/02/2026,149,"From AUSTRALIAN UNITY - AU HEALTH 31246163",Income,Health insurance reimbursement,Macquarie Spending 2026-02.csv,false,false
457,04/02/2026,-90.11,"Transfer To Elizabeth Hawkins - Kids expenses",Financial & Insurance,Transfer,Macquarie Spending 2026-02.csv,false,false
458,04/02/2026,-12.89,"Transfer To Elizabeth Hawkins - Spotifyhealthmobil",Home & utilities,Streaming Services,Macquarie Spending 2026-02.csv,false,false
459,02/02/2026,27,"From Elizabeth Hawkins - Pickleball",Medical, personal & education,Sports & gym,Macquarie Spending 2026-02.csv,false,false
460,01/02/2026,-10,"Transfer To Bailen Rouse-Upjohn - Family love",Children,Child support payment,Macquarie Spending 2026-02.csv,false,false
461,01/02/2026,-10,"Transfer To Jasper Rouse-upjohn - Family love",Children,Child support payment,Macquarie Spending 2026-02.csv,false,false
462,28/02/2026,0.88,"Payment",,,Macquarie Pay 2026-02.csv,false,false
463,25/02/2026,-3300,"To Elizabeth Hawkins  - Funds transfer",Financial & Insurance,Transfer,Macquarie Pay 2026-02.csv,false,false
464,25/02/2026,3075,"Salary from QLD DEPARTMENT O - SALARY 00428738",Income,Your partner's take-home pay,Macquarie Pay 2026-02.csv,false,false
465,13/02/2026,328.68,"From E552212Txn421241 - 552212*RP 18/02/20",Income,Other income,Macquarie Pay 2026-02.csv,false,false
466,11/02/2026,-4000,"To Elizabeth Hawkins  - Funds transfer",Financial & Insurance,Transfer,Macquarie Pay 2026-02.csv,false,false
467,11/02/2026,3867.35,"Salary from QLD DEPARTMENT O - SALARY 00428738",Income,Your partner's take-home pay,Macquarie Pay 2026-02.csv,false,false
468,11/02/2026,-350,"To linked account xx2193 - Internal transfer",Financial & Insurance,Transfer,Macquarie Pay 2026-02.csv,false,false
469,31/03/2026,-62.14,"COLES 7835                BUDERIM",Groceries,Supermarket,ANZ Credit Card 2026-03.csv,false,false
470,31/03/2026,-17.5,"BWS/163 KARAWATHA ST - SH BUDERIM",Eating-out & Entertainment,Drinks & alcohol,ANZ Credit Card 2026-03.csv,false,false
471,31/03/2026,-48.24,"UBER *TRIP HELP.UBER.COM  Sydney",Car & Transport,Uber & taxi,ANZ Credit Card 2026-03.csv,false,false
472,31/03/2026,-60.35,"SPRINGBOK FOODS PTY LT    FOREST GLEN",Groceries,Deli & bakery,ANZ Credit Card 2026-03.csv,false,false
473,31/03/2026,-9.95,"BANJOS SIPPY DOWNS        SIPPY DOWNS",Groceries,Deli & bakery,ANZ Credit Card 2026-03.csv,false,false
474,30/03/2026,-143.32,"COLES 4647                SIPPY DOWNS",Groceries,Supermarket,ANZ Credit Card 2026-03.csv,false,false
475,30/03/2026,-25.5,"SQ *COOROIBAH GREENS - KA Bokarina",,,ANZ Credit Card 2026-03.csv,false,false
476,30/03/2026,-110,"LIQUORLAND 6476           SIPPY DOWNS",Eating-out & Entertainment,Drinks & alcohol,ANZ Credit Card 2026-03.csv,false,false
477,30/03/2026,-12.24,"SQ *MYSTICA BURGERS       Noosa",,,ANZ Credit Card 2026-03.csv,false,false
478,30/03/2026,-3.15,"SFS THE CONTAINER BY      BIRTINYA",Eating-out & Entertainment,Coffee & tea,ANZ Credit Card 2026-03.csv,false,false
479,30/03/2026,-462.47,"UNITYWATER - CABOOLTUR    CABOOLTURE",Home & utilities,Water,ANZ Credit Card 2026-03.csv,false,false
480,30/03/2026,-164.2,"AMPOL SIPPY DOW 10262F    SIPPY DOWNS",Car & Transport,Petrol,ANZ Credit Card 2026-03.csv,false,false
481,30/03/2026,-31,"BWS/163 KARAWATHA ST - SH BUDERIM",Eating-out & Entertainment,Drinks & alcohol,ANZ Credit Card 2026-03.csv,false,false
482,30/03/2026,-16.09,"SQ *AN NAM VIETNAMESE KIT Sippy Downs",Eating-out & Entertainment,Lunches bought,ANZ Credit Card 2026-03.csv,false,false
483,30/03/2026,-20,"SQ *THE OLD AMBULANCE STA Nambour",,,ANZ Credit Card 2026-03.csv,false,false
484,30/03/2026,-16,"SQ *THE OLD AMBULANCE STA Nambour",,,ANZ Credit Card 2026-03.csv,false,false
485,30/03/2026,-171.81,"SUNCORP INSURANCE         BRISBANE CITY",Financial & Insurance,Home & contents insurance,ANZ Credit Card 2026-03.csv,false,false
486,30/03/2026,-44,"COUNTRY CARE GROUP        MILDURA",,,ANZ Credit Card 2026-03.csv,false,false
487,30/03/2026,-10,"MERTHYR BOWLS CLUB        NEW FARM",Eating-out & Entertainment,Bars & clubs,ANZ Credit Card 2026-03.csv,false,false
488,30/03/2026,-10,"MERTHYR BOWLS CLUB        NEW FARM",Eating-out & Entertainment,Bars & clubs,ANZ Credit Card 2026-03.csv,false,false
489,30/03/2026,-28.65,"MERTHYR BOWLS CLUB        NEW FARM",Eating-out & Entertainment,Bars & clubs,ANZ Credit Card 2026-03.csv,false,false
490,30/03/2026,-29,"MERTHYR BOWLS CLUB        NEW FARM",Eating-out & Entertainment,Bars & clubs,ANZ Credit Card 2026-03.csv,false,false
491,30/03/2026,-18.3,"SMP*Mrs Luus Southpoin    Southbank",Eating-out & Entertainment,Lunches bought,ANZ Credit Card 2026-03.csv,false,false
492,30/03/2026,-5.59,"SMP*Jamoke Espresso Ba    Nambour",Eating-out & Entertainment,Coffee & tea,ANZ Credit Card 2026-03.csv,false,false
493,30/03/2026,-59.14,"BACKSTREET CAFE           MOOLOOLABA",Eating-out & Entertainment,Coffee & tea,ANZ Credit Card 2026-03.csv,false,false
494,30/03/2026,-16.6,"POINTPARKING NAMBOUR      NAMBOUR",Car & Transport,Road tolls & parking,ANZ Credit Card 2026-03.csv,false,false
495,30/03/2026,-36,"THEPICKLEB* EVT PAIRED    NAMBOUR",Medical, personal & education,Sports & gym,ANZ Credit Card 2026-03.csv,false,false
496,27/03/2026,-35,"LIQUORLAND 6687           BUDERIM",Eating-out & Entertainment,Drinks & alcohol,ANZ Credit Card 2026-03.csv,false,false
497,27/03/2026,-11.2,"LS Micasa Cafe Soutban    South Brisban",Eating-out & Entertainment,Coffee & tea,ANZ Credit Card 2026-03.csv,false,false
498,27/03/2026,-16.99,"SOUTHBANK PHARMACY        SOUTH BRISBAN",Medical, personal & education,Medicines & pharmacy,ANZ Credit Card 2026-03.csv,false,false
499,27/03/2026,-203.87,"GLOW UP                   YANDINA",Eating-out & Entertainment,Restaurants,ANZ Credit Card 2026-03.csv,false,false
500,27/03/2026,-115.2,"TICKETEK WEB              SYDNEY",Eating-out & Entertainment,Celebrations & gifts,ANZ Credit Card 2026-03.csv,false,false
501,26/03/2026,-99.99,"SECURE PARKING PTY LTD    NORTH SYDNEY",Car & Transport,Road tolls & parking,ANZ Credit Card 2026-03.csv,false,false
502,26/03/2026,-27,"THEPICKLEB* EVT SOCIAL    NAMBOUR",Medical, personal & education,Sports & gym,ANZ Credit Card 2026-03.csv,false,false
503,25/03/2026,-64,"FITSTOP SIPPY DO          SUNSHINE COAS",Medical, personal & education,Sports & gym,ANZ Credit Card 2026-03.csv,false,false
504,25/03/2026,-64,"FITSTOP SIPPY DO          SUNSHINE COAS",Medical, personal & education,Sports & gym,ANZ Credit Card 2026-03.csv,false,false
505,25/03/2026,-151.2,"Amino Z                   Caringbah",Medical, personal & education,Sports & gym,ANZ Credit Card 2026-03.csv,false,false
506,25/03/2026,-60.42,"BLI BLI HOTEL             BLI BLI",,,ANZ Credit Card 2026-03.csv,false,false
507,25/03/2026,-10.4,"BLI BLI HOTEL             BLI BLI",,,ANZ Credit Card 2026-03.csv,false,false
508,25/03/2026,-26.72,"BLI BLI HOTEL             BLI BLI",,,ANZ Credit Card 2026-03.csv,false,false
509,25/03/2026,-87.91,"CALTEX BLI BLI            BLI BLI",Car & Transport,Petrol,ANZ Credit Card 2026-03.csv,false,false
510,25/03/2026,-20.99,"Netflix.com               Melbourne",Home & utilities,Streaming Services,ANZ Credit Card 2026-03.csv,false,false
511,25/03/2026,-4.65,"BALLINA BWLNGNREC LD      BALLINA",Eating-out & Entertainment,Bars & clubs,ANZ Credit Card 2026-03.csv,false,false
512,25/03/2026,-81.81,"BALLINA BWLNGNREC LD      BALLINA",Eating-out & Entertainment,Bars & clubs,ANZ Credit Card 2026-03.csv,false,false
513,25/03/2026,-38.95,"MCDONALDS SIPPY DOWN      SIPPY DOWNS",Eating-out & Entertainment,Take-away & snacks,ANZ Credit Card 2026-03.csv,false,false
514,24/03/2026,-150.09,"COLES 4647                SIPPY DOWNS",Groceries,Supermarket,ANZ Credit Card 2026-03.csv,false,false
515,24/03/2026,-22.36,"LS Buderim Distillery     Maroochydore",,,ANZ Credit Card 2026-03.csv,false,false
516,24/03/2026,-22.36,"LS Buderim Distillery     Maroochydore",,,ANZ Credit Card 2026-03.csv,false,false
517,24/03/2026,-148.16,"AMPOL CHINDERAH 22163F    CHINDERAH",Car & Transport,Petrol,ANZ Credit Card 2026-03.csv,false,false
518,23/03/2026,-118.46,"SQ *ZABB BY MEOW          Buderim",,,ANZ Credit Card 2026-03.csv,false,false
519,23/03/2026,-10.16,"SQ *MFC                   Kuluin",,,ANZ Credit Card 2026-03.csv,false,false
520,23/03/2026,-9.99,"AMZNPRIMEA* AMZNPRIMEA    SYDNEY SOUTH",Eating-out & Entertainment,Movies, shows & music,ANZ Credit Card 2026-03.csv,false,false
521,23/03/2026,-23.97,"UBER *TRIP HELP.UBER.COM  Sydney",Car & Transport,Uber & taxi,ANZ Credit Card 2026-03.csv,false,false
522,23/03/2026,-5.76,"SFS THE CONTAINER BY      BIRTINYA",Eating-out & Entertainment,Coffee & tea,ANZ Credit Card 2026-03.csv,false,false
523,23/03/2026,-10,"MISTERZIMI* MISTER ZIM    PORT MELBOURN",,,ANZ Credit Card 2026-03.csv,false,false
524,23/03/2026,-17,"STAN.COM.AU               WWW.STAN.COM.",,,ANZ Credit Card 2026-03.csv,false,false
525,23/03/2026,-20,"STAN.COM.AU               WWW.STAN.COM.",,,ANZ Credit Card 2026-03.csv,false,false
526,23/03/2026,-32,"BWS/163 KARAWATHA ST - SH BUDERIM",Eating-out & Entertainment,Drinks & alcohol,ANZ Credit Card 2026-03.csv,false,false
527,23/03/2026,-172.81,"AGL SALES 0308            MELBOURNE",Home & utilities,Electricity,ANZ Credit Card 2026-03.csv,false,false
528,23/03/2026,-35,"EG GROUP/KARAWATHA DR & G MOUNTAIN CRK",,,ANZ Credit Card 2026-03.csv,false,false
529,23/03/2026,-55.35,"SQ *AN NAM VIETNAMESE KIT Sippy Downs",Eating-out & Entertainment,Lunches bought,ANZ Credit Card 2026-03.csv,false,false
530,23/03/2026,-56,"COLES 4647                SIPPY DOWNS",Groceries,Supermarket,ANZ Credit Card 2026-03.csv,false,false
531,23/03/2026,-15,"BWS/163 KARAWATHA ST - SH BUDERIM",Eating-out & Entertainment,Drinks & alcohol,ANZ Credit Card 2026-03.csv,false,false
532,23/03/2026,-76,"A1 MART                   WEST END",,,ANZ Credit Card 2026-03.csv,false,false
533,23/03/2026,-35.95,"Microsoft*14 Day Trial Re msbill.info",Eating-out & Entertainment,Movies, shows & music,ANZ Credit Card 2026-03.csv,false,false
534,23/03/2026,-18.3,"SMP*Mrs Luus Southpoin    Southbank",Eating-out & Entertainment,Lunches bought,ANZ Credit Card 2026-03.csv,false,false
535,23/03/2026,-33.47,"DBS*Goodlife Queen Str    Brisbane",Medical, personal & education,Sports & gym,ANZ Credit Card 2026-03.csv,false,false
536,20/03/2026,-150.08,"REMENTO                   REMENTO.CO",,,ANZ Credit Card 2026-03.csv,false,false
537,20/03/2026,-20,"SOUTHBANK CARPARK         SOUTH BANK",Car & Transport,Road tolls & parking,ANZ Credit Card 2026-03.csv,false,false
538,20/03/2026,-60.3,"LS PTC PHONE ACCESSOR     MAROOCHYDORE",,,ANZ Credit Card 2026-03.csv,false,false
539,20/03/2026,-69.83,"King IT Maroochydore      Maroochydore",,,ANZ Credit Card 2026-03.csv,false,false
540,20/03/2026,-35,"CASE KING                 Maroochydore",,,ANZ Credit Card 2026-03.csv,false,false
541,20/03/2026,-197,"COLES 4523                MAROOCHYDORE",Groceries,Supermarket,ANZ Credit Card 2026-03.csv,false,false
542,20/03/2026,-78,"KMART 1060                MAROOCHYDORE",Medical, personal & education,Shopping,ANZ Credit Card 2026-03.csv,false,false
543,20/03/2026,-16.45,"Audible Limited AU        MELBOURNE",Home & utilities,Streaming Services,ANZ Credit Card 2026-03.csv,false,false
544,20/03/2026,-10.3,"LS Micasa Cafe Soutban    South Brisban",Eating-out & Entertainment,Coffee & tea,ANZ Credit Card 2026-03.csv,false,false
545,20/03/2026,-11.2,"LS Micasa Cafe Soutban    South Brisban",Eating-out & Entertainment,Coffee & tea,ANZ Credit Card 2026-03.csv,false,false
546,20/03/2026,-72.76,"TICKETS*FUNNY COAS        0272026035",,,ANZ Credit Card 2026-03.csv,false,false
547,19/03/2026,-133.3,"SP MISTER ZIMI            MALVERN",,,ANZ Credit Card 2026-03.csv,false,false
548,19/03/2026,-82,"ALH VENUES/NICKLIN WAY    BUDDINA",Eating-out & Entertainment,Bars & clubs,ANZ Credit Card 2026-03.csv,false,false
549,19/03/2026,-10.8,"ALH VENUES/NICKLIN WAY    BUDDINA",Eating-out & Entertainment,Bars & clubs,ANZ Credit Card 2026-03.csv,false,false
550,19/03/2026,-121.63,"EG GROUP/KARAWATHA DR & G MOUNTAIN CRK",,,ANZ Credit Card 2026-03.csv,false,false
551,19/03/2026,-16.49,"FAMDDS PTY LTD            MAROOCHYDORE",,,ANZ Credit Card 2026-03.csv,false,false
552,19/03/2026,-323.4,"DNH*GODADDY#4039396544    130-035-1076",Medical, personal & education,Computers & gadgets,ANZ Credit Card 2026-03.csv,false,true
553,19/03/2026,-5.31,"SFS THE CONTAINER BY      BIRTINYA",Eating-out & Entertainment,Coffee & tea,ANZ Credit Card 2026-03.csv,false,false
554,19/03/2026,-118.67,"YOUI - PREMIUM            SIPPY DOWNS",Financial & Insurance,Car insurance,ANZ Credit Card 2026-03.csv,false,false
555,19/03/2026,-201.91,"YOUI - PREMIUM            SIPPY DOWNS",Financial & Insurance,Car insurance,ANZ Credit Card 2026-03.csv,false,false
556,19/03/2026,-87.41,"YOUI - PREMIUM            SIPPY DOWNS",Financial & Insurance,Car insurance,ANZ Credit Card 2026-03.csv,false,false
557,19/03/2026,-9.95,"BANJOS SIPPY DOWNS        SIPPY DOWNS",Groceries,Deli & bakery,ANZ Credit Card 2026-03.csv,false,false
558,19/03/2026,-40.5,"THEPICKLEB* EVT SOCIAL    NAMBOUR",Medical, personal & education,Sports & gym,ANZ Credit Card 2026-03.csv,false,false
559,18/03/2026,-64,"FITSTOP SIPPY DO          SUNSHINE COAS",Medical, personal & education,Sports & gym,ANZ Credit Card 2026-03.csv,false,false
560,18/03/2026,-64,"FITSTOP SIPPY DO          SUNSHINE COAS",Medical, personal & education,Sports & gym,ANZ Credit Card 2026-03.csv,false,false
561,18/03/2026,-1601.06,"Partners on Booking BV    Sydney",,,ANZ Credit Card 2026-03.csv,false,false
562,18/03/2026,-88,"COUNTY CARE BIRTINYA      BIRTINYA",,,ANZ Credit Card 2026-03.csv,false,false
563,17/03/2026,-28.35,"THE DOONAN                WWW.THEDOONAN",,,ANZ Credit Card 2026-03.csv,false,false
564,17/03/2026,-37.62,"THE DOONAN                WWW.THEDOONAN",,,ANZ Credit Card 2026-03.csv,false,false
565,17/03/2026,-172,"COLES 4647                SIPPY DOWNS",Groceries,Supermarket,ANZ Credit Card 2026-03.csv,false,false
566,17/03/2026,-373.77,"Kin Kin Hotel             Kin Kin",,,ANZ Credit Card 2026-03.csv,false,false
567,17/03/2026,-50.5,"THE DOONAN PUB            DOONAN",,,ANZ Credit Card 2026-03.csv,false,false
568,17/03/2026,-25.05,"THE DOONAN PUB            DOONAN",,,ANZ Credit Card 2026-03.csv,false,false
569,17/03/2026,-27.99,"SPOTIFY                   0012345678",Home & utilities,Streaming Services,ANZ Credit Card 2026-03.csv,false,false
570,16/03/2026,10000,"PAYMENT THANKYOU 740802",Financial & Insurance,Transfer,ANZ Credit Card 2026-03.csv,false,false
571,16/03/2026,-21.26,"Matso'sSunshineCoast      Eumundi",,,ANZ Credit Card 2026-03.csv,false,false
572,16/03/2026,-21.26,"Matso'sSunshineCoast      Eumundi",,,ANZ Credit Card 2026-03.csv,false,false
573,16/03/2026,-49.83,"MATSOS - SUNSHINE COAS    EUMUNDI",,,ANZ Credit Card 2026-03.csv,false,false
574,16/03/2026,-45.99,"HUBBL - KAYO SPORTS       131999",Home & utilities,Streaming Services,ANZ Credit Card 2026-03.csv,false,false
575,16/03/2026,-100.21,"SPINTEL PTY LTD           ST PETERS",Home & utilities,Internet,ANZ Credit Card 2026-03.csv,false,false
576,16/03/2026,-20.14,"KOMEKHUN PTY LTD          BIRTINYA",,,ANZ Credit Card 2026-03.csv,false,false
577,16/03/2026,-33.4,"ALH VENUES/81 BURNETT ST  BUDERIM",Eating-out & Entertainment,Bars & clubs,ANZ Credit Card 2026-03.csv,false,false
578,16/03/2026,-3.5,"WW METRO/67 BURNETT STREE BUDERIM",Groceries,Supermarket,ANZ Credit Card 2026-03.csv,false,false
579,16/03/2026,-36,"BWS/163 KARAWATHA ST - SH BUDERIM",Eating-out & Entertainment,Drinks & alcohol,ANZ Credit Card 2026-03.csv,false,false
580,16/03/2026,-5.63,"WOOLWORTHS/KARAWATHA DR & MOUNTAIN CRK",Groceries,Supermarket,ANZ Credit Card 2026-03.csv,false,false
581,16/03/2026,-140,"TELSTRA SERVICES          MELBOURNE",Home & utilities,Mobile,ANZ Credit Card 2026-03.csv,false,false
582,16/03/2026,-181.93,"BUSINESS ARCHITECTURE GUI 831-464-5344  125.00  USD 6.15 AUD",Renovations,Planning & design,ANZ Credit Card 2026-03.csv,false,false
583,16/03/2026,-28.35,"MCDONALDS SIPPY DOWN      SIPPY DOWNS",Eating-out & Entertainment,Take-away & snacks,ANZ Credit Card 2026-03.csv,false,false
584,16/03/2026,-5.56,"BACKSTREET CAFE           MOOLOOLABA",Eating-out & Entertainment,Coffee & tea,ANZ Credit Card 2026-03.csv,false,false
585,16/03/2026,-50.36,"LINKT BRISBANE            BRISBANE",Car & Transport,Road tolls & parking,ANZ Credit Card 2026-03.csv,false,false
586,16/03/2026,-18,"THEPICKLEB* EVT SOCIAL    NAMBOUR",Medical, personal & education,Sports & gym,ANZ Credit Card 2026-03.csv,false,false
587,16/03/2026,-18,"THEPICKLEB* EVT SOCIAL    NAMBOUR",Medical, personal & education,Sports & gym,ANZ Credit Card 2026-03.csv,false,false
588,13/03/2026,-50,"COLES 4647                SIPPY DOWNS",Groceries,Supermarket,ANZ Credit Card 2026-03.csv,false,false
589,13/03/2026,-170,"QUT FINANCE OPS           KELVIN GROVE",,,ANZ Credit Card 2026-03.csv,false,false
590,13/03/2026,-18,"THEPICKLEB* EVT SOCIAL    NAMBOUR",Medical, personal & education,Sports & gym,ANZ Credit Card 2026-03.csv,false,false
591,13/03/2026,-18,"THEPICKLEB* EVT SOCIAL    NAMBOUR",Medical, personal & education,Sports & gym,ANZ Credit Card 2026-03.csv,false,false
592,12/03/2026,-319.91,"CLAUDE.AI SUBSCRIPTION    ANTHROPIC.COM",Medical, personal & education,Computers & gadgets,ANZ Credit Card 2026-03.csv,false,false
593,12/03/2026,-78.53,"WOOLWORTHS/OCEAN ST & HOR MAROOCHYDORE",Groceries,Supermarket,ANZ Credit Card 2026-03.csv,false,false
594,12/03/2026,-55.99,"SQ *SUMAK MED EAST CUISIN Kelvin Grove",,,ANZ Credit Card 2026-03.csv,false,false
595,12/03/2026,-5.3,"LS Micasa Cafe Soutban    South Brisban",Eating-out & Entertainment,Coffee & tea,ANZ Credit Card 2026-03.csv,false,false
596,12/03/2026,-63.63,"SECURE PARKING PTY LTD    NORTH SYDNEY",Car & Transport,Road tolls & parking,ANZ Credit Card 2026-03.csv,false,false
597,12/03/2026,-140.15,"AMRITYU PTY LTD           BOKARINA",Car & Transport,Petrol,ANZ Credit Card 2026-03.csv,false,false
598,12/03/2026,-22.3,"GUZMAN Y GOMEZ            SURRY HILLS",Eating-out & Entertainment,Take-away & snacks,ANZ Credit Card 2026-03.csv,false,false
599,12/03/2026,-16.99,"SOUTHBANK PHARMACY        SOUTH BRISBAN",Medical, personal & education,Medicines & pharmacy,ANZ Credit Card 2026-03.csv,false,false
600,12/03/2026,-130.25,"AMPOL MAROOCHYDORE 111    MAROOCHYDORE",Car & Transport,Petrol,ANZ Credit Card 2026-03.csv,false,false
601,11/03/2026,-190,"MAMMOTH FOREST GLEN       FOREST GLEN",Home & utilities,Furniture & appliances,ANZ Credit Card 2026-03.csv,false,false
602,11/03/2026,-64,"FITSTOP SIPPY DO          SUNSHINE COAS",Medical, personal & education,Sports & gym,ANZ Credit Card 2026-03.csv,false,false
603,11/03/2026,-64,"FITSTOP SIPPY DO          SUNSHINE COAS",Medical, personal & education,Sports & gym,ANZ Credit Card 2026-03.csv,false,false
604,11/03/2026,-10,"BWS/163 KARAWATHA ST - SH BUDERIM",Eating-out & Entertainment,Drinks & alcohol,ANZ Credit Card 2026-03.csv,false,false
605,11/03/2026,-25.18,"BLI BLI HOTEL             BLI BLI",,,ANZ Credit Card 2026-03.csv,false,false
606,11/03/2026,-25.18,"BLI BLI HOTEL             BLI BLI",,,ANZ Credit Card 2026-03.csv,false,false
607,11/03/2026,-30.6,"BLI BLI HOTEL             BLI BLI",,,ANZ Credit Card 2026-03.csv,false,false
608,11/03/2026,-44.48,"THE CHARMING SQUIRE       SOUTH BRISBAN",,,ANZ Credit Card 2026-03.csv,false,false
609,11/03/2026,-91,"QPAC                      SOUTH BRISBAN",,,ANZ Credit Card 2026-03.csv,false,false
610,11/03/2026,-30,"QPAC                      SOUTH BRISBAN",,,ANZ Credit Card 2026-03.csv,false,false
611,11/03/2026,-4.5,"CocaColaEPP               South Brisban",,,ANZ Credit Card 2026-03.csv,false,false
612,10/03/2026,-63.95,"SQ *AN NAM VIETNAMESE KIT Sippy Downs",Eating-out & Entertainment,Lunches bought,ANZ Credit Card 2026-03.csv,false,false
613,10/03/2026,-250.29,"COLES 4523                MAROOCHYDORE",Groceries,Supermarket,ANZ Credit Card 2026-03.csv,false,false
614,10/03/2026,-28,"SQ *SCOOP HOUSE           Buderim",,,ANZ Credit Card 2026-03.csv,false,false
615,10/03/2026,-18.01,"SQ *AN NAM VIETNAMESE KIT Sippy Downs",Eating-out & Entertainment,Lunches bought,ANZ Credit Card 2026-03.csv,false,false
616,10/03/2026,-180,"Mecca Brands Pty Ltd      Richmond",Medical, personal & education,Hair & beauty,ANZ Credit Card 2026-03.csv,false,false
617,10/03/2026,-10.02,"UBER *TRIP HELP.UBER.COM  Sydney",Car & Transport,Uber & taxi,ANZ Credit Card 2026-03.csv,false,false
618,09/03/2026,-245.87,"SQ *LEMAK KITCHEN AND BAR Woolloongabba",,,ANZ Credit Card 2026-03.csv,false,false
619,09/03/2026,-11.6,"UBER *TRIP HELP.UBER.COM  Sydney",Car & Transport,Uber & taxi,ANZ Credit Card 2026-03.csv,false,false
620,09/03/2026,60,"OZT*HAYLEY MARY - QUIT    WOOLLOONGABBA",Eating-out & Entertainment,Movies, shows & music,ANZ Credit Card 2026-03.csv,false,false
621,09/03/2026,-8.7,"WW METRO/67 BURNETT STREE BUDERIM",Groceries,Supermarket,ANZ Credit Card 2026-03.csv,false,false
622,09/03/2026,-20,"Guzman y Gomez            Maroochydore",Eating-out & Entertainment,Take-away & snacks,ANZ Credit Card 2026-03.csv,false,false
623,09/03/2026,-20,"Guzman y Gomez            Maroochydore",Eating-out & Entertainment,Take-away & snacks,ANZ Credit Card 2026-03.csv,false,false
624,09/03/2026,-91.35,"PARADISE ARCADE COTTO     Maroochydore",,,ANZ Credit Card 2026-03.csv,false,false
625,09/03/2026,-53.6,"GUZMAN Y GOMEZ            SURRY HILLS",Eating-out & Entertainment,Take-away & snacks,ANZ Credit Card 2026-03.csv,false,false
626,09/03/2026,-9.99,"DD *DOORDASHDASHPASS      MELBOURNE",Eating-out & Entertainment,Take-away & snacks,ANZ Credit Card 2026-03.csv,false,false
627,09/03/2026,-31.99,"Adobe                     Sydney",Medical, personal & education,Computers & gadgets,ANZ Credit Card 2026-03.csv,false,false
628,09/03/2026,-4.05,"SFS THE CONTAINER BY      BIRTINYA",Eating-out & Entertainment,Coffee & tea,ANZ Credit Card 2026-03.csv,false,false
629,09/03/2026,-4.49,"APPLE.COM/BILL            SYDNEY",Medical, personal & education,Computers & gadgets,ANZ Credit Card 2026-03.csv,false,false
630,09/03/2026,-33.47,"DBS*Goodlife Queen Str    Brisbane",Medical, personal & education,Sports & gym,ANZ Credit Card 2026-03.csv,false,false
631,09/03/2026,-16.5,"MAROOCHYDORE STATE HIG    MAROOCHYDORE",Children,School uniforms,ANZ Credit Card 2026-03.csv,false,false
632,09/03/2026,-53.58,"BACKSTREET CAFE           MOOLOOLABA",Eating-out & Entertainment,Coffee & tea,ANZ Credit Card 2026-03.csv,false,false
633,09/03/2026,-5.56,"BACKSTREET CAFE           MOOLOOLABA",Eating-out & Entertainment,Coffee & tea,ANZ Credit Card 2026-03.csv,false,false
634,06/03/2026,-32.18,"SQ *AN NAM VIETNAMESE KIT Sippy Downs",Eating-out & Entertainment,Lunches bought,ANZ Credit Card 2026-03.csv,false,false
635,06/03/2026,-39,"BWS/163 KARAWATHA ST - SH BUDERIM",Eating-out & Entertainment,Drinks & alcohol,ANZ Credit Card 2026-03.csv,false,false
636,06/03/2026,-36.91,"Print Locker              Alphington",,,ANZ Credit Card 2026-03.csv,false,false
637,06/03/2026,-8.7,"MCDONALDS SOUTHBANK       SOUTH BRISBAN",Eating-out & Entertainment,Take-away & snacks,ANZ Credit Card 2026-03.csv,false,false
638,06/03/2026,-11.99,"help.hbomax.com           St. Leonards",Home & utilities,Streaming Services,ANZ Credit Card 2026-03.csv,false,false
639,06/03/2026,-18.3,"SMP*SIAM SOUTH BANK   0   SOUTH BRISBAN",,,ANZ Credit Card 2026-03.csv,false,false
640,06/03/2026,-53.34,"VODAFONE AUSTRALIA        NORTH SYDNEY",Home & utilities,Ellas Mobile,ANZ Credit Card 2026-03.csv,false,false
641,06/03/2026,-10.8,"SFS THE CONTAINER BY      BIRTINYA",Eating-out & Entertainment,Coffee & tea,ANZ Credit Card 2026-03.csv,false,false
642,06/03/2026,-45.45,"SECURE PARKING PTY LTD    NORTH SYDNEY",Car & Transport,Road tolls & parking,ANZ Credit Card 2026-03.csv,false,false
643,05/03/2026,-20,"SOUTHBANK CARPARK         SOUTH BANK",Car & Transport,Road tolls & parking,ANZ Credit Card 2026-03.csv,false,false
644,05/03/2026,-59.68,"FRUIT LOVERS/90 WISES ROA MAROOCHYDORE",,,ANZ Credit Card 2026-03.csv,false,false
645,05/03/2026,-5.3,"LS Micasa Cafe Soutban    South Brisban",Eating-out & Entertainment,Coffee & tea,ANZ Credit Card 2026-03.csv,false,false
646,05/03/2026,-149.14,"CHEMIST WAREHOUSE         BUDERIM",Medical, personal & education,Medicines & pharmacy,ANZ Credit Card 2026-03.csv,false,false
647,05/03/2026,-61.53,"BUNNINGS 490000           MAROOCHYDORE",Home & utilities,Home improvements & Maintenance,ANZ Credit Card 2026-03.csv,false,false
648,04/03/2026,-7.8,"COLES 4647                SIPPY DOWNS",Groceries,Supermarket,ANZ Credit Card 2026-03.csv,false,false
649,04/03/2026,-4.95,"Liberty Tanawha           Tanawha",Car & Transport,Petrol,ANZ Credit Card 2026-03.csv,false,false
650,04/03/2026,-62.2,"Liberty Tanawha           Tanawha",Car & Transport,Petrol,ANZ Credit Card 2026-03.csv,false,false
651,04/03/2026,-64,"FITSTOP SIPPY DO          SUNSHINE COAS",Medical, personal & education,Sports & gym,ANZ Credit Card 2026-03.csv,false,false
652,04/03/2026,-64,"FITSTOP SIPPY DO          SUNSHINE COAS",Medical, personal & education,Sports & gym,ANZ Credit Card 2026-03.csv,false,false
653,04/03/2026,-49.89,"MTN CREEK CHEM PHARM      MOUNTAIN CREE",Medical, personal & education,Medicines & pharmacy,ANZ Credit Card 2026-03.csv,false,false
654,03/03/2026,-6.95,"WOOLWORTHS/KARAWATHA DR & MOUNTAIN CRK",Groceries,Supermarket,ANZ Credit Card 2026-03.csv,false,false
655,03/03/2026,-66,"OFFICEWORKS  0428         Maroochydore",Medical, personal & education,Computers & gadgets,ANZ Credit Card 2026-03.csv,false,false
656,03/03/2026,-334.27,"COLES 4647                SIPPY DOWNS",Groceries,Supermarket,ANZ Credit Card 2026-03.csv,false,false
657,03/03/2026,-48.95,"WOOLWORTHS/KARAWATHA DR & MOUNTAIN CRK",Groceries,Supermarket,ANZ Credit Card 2026-03.csv,false,false
658,03/03/2026,-15.99,"Disney Plus               1800-965160",Home & utilities,Streaming Services,ANZ Credit Card 2026-03.csv,false,false
659,03/03/2026,-32,"John Kyle Espresso        Buderim",Eating-out & Entertainment,Coffee & tea,ANZ Credit Card 2026-03.csv,false,false
660,03/03/2026,-4.99,"PRIME VIDE* PRIMEVIDEO    SYDNEY",,,ANZ Credit Card 2026-03.csv,false,false
661,03/03/2026,-20,"THEPICKLEB* EVT DRILL     NAMBOUR",Medical, personal & education,Sports & gym,ANZ Credit Card 2026-03.csv,false,false
662,03/03/2026,-20,"THEPICKLEB* EVT DRILL     NAMBOUR",Medical, personal & education,Sports & gym,ANZ Credit Card 2026-03.csv,false,false
663,02/03/2026,-31.05,"OPENAI *CHATGPT SUBSCR    OPENAI.COM",,,ANZ Credit Card 2026-03.csv,false,false
664,02/03/2026,6000,"PAYMENT THANKYOU 125816",Financial & Insurance,Transfer,ANZ Credit Card 2026-03.csv,false,false
665,02/03/2026,-10.16,"RICK'S GARAGE             Palmwoods",,,ANZ Credit Card 2026-03.csv,false,false
666,02/03/2026,-54.86,"RICK'S GARAGE             Palmwoods",,,ANZ Credit Card 2026-03.csv,false,false
667,02/03/2026,-32,"WW METRO/67 BURNETT STREE BUDERIM",Groceries,Supermarket,ANZ Credit Card 2026-03.csv,false,false
668,02/03/2026,-10.16,"SQ *BE RIGHT BACK BUDERIM Buderim",,,ANZ Credit Card 2026-03.csv,false,false
669,02/03/2026,-86,"BWS/81 BURNETT STREET     BUDERIM",Eating-out & Entertainment,Drinks & alcohol,ANZ Credit Card 2026-03.csv,false,false
670,02/03/2026,-5000,"PACIFIC MOTOR GROUP PT    MAROOCHYDORE",,,ANZ Credit Card 2026-03.csv,false,false
671,02/03/2026,-4.05,"SFS THE CONTAINER BY      BIRTINYA",Eating-out & Entertainment,Coffee & tea,ANZ Credit Card 2026-03.csv,false,false
672,02/03/2026,-58.87,"SQ *GOODSLICE PIZZA NAPOL Maroochydore",,,ANZ Credit Card 2026-03.csv,false,false
673,02/03/2026,-20,"BWS/64 AERODROME STREET   MAROOCHYDORE",Eating-out & Entertainment,Drinks & alcohol,ANZ Credit Card 2026-03.csv,false,false
674,02/03/2026,-103.55,"COLES 7836                BIRTINYA",Groceries,Supermarket,ANZ Credit Card 2026-03.csv,false,false
675,02/03/2026,-15,"WOOLWORTHS/UNI WAY CHANCE BUDERIM",Groceries,Supermarket,ANZ Credit Card 2026-03.csv,false,false
676,02/03/2026,-48.95,"WOOLWORTHS/UNI WAY CHANCE BUDERIM",Groceries,Supermarket,ANZ Credit Card 2026-03.csv,false,false
677,02/03/2026,-21.9,"SFS SCUH ALICE & GEO      BIRTINYA",Eating-out & Entertainment,Coffee & tea,ANZ Credit Card 2026-03.csv,false,false
678,02/03/2026,-171.81,"SUNCORP INSURANCE         BRISBANE CITY",Financial & Insurance,Home & contents insurance,ANZ Credit Card 2026-03.csv,false,false
679,02/03/2026,-20.81,"SOLBAR MAROOCHYDORE       MAROOCHYDORE",,,ANZ Credit Card 2026-03.csv,false,false
680,02/03/2026,-83.76,"ZLR*Bombay Bliss - Maro   Maroochydore",Eating-out & Entertainment,Restaurants,ANZ Credit Card 2026-03.csv,false,false
681,02/03/2026,-5.56,"BACKSTREET CAFE           MOOLOOLABA",Eating-out & Entertainment,Coffee & tea,ANZ Credit Card 2026-03.csv,false,false
682,02/03/2026,-51.7,"GRILLD PTY LTD - GARDE    UPPER MT GRAV",,,ANZ Credit Card 2026-03.csv,false,false
683,31/03/2026,-6125,"PAYMENT TO MOODIE STEVEN JAMES",Financial & Insurance,Home loan,ANZ Joint Offset 2026-03.csv,false,false
684,25/03/2026,3000,"PAYMENT FROM Hawkins E A",_ignore,,ANZ Joint Offset 2026-03.csv,false,false
685,20/03/2026,3000,"PAYMENT FROM Hawkins E A",_ignore,,ANZ Joint Offset 2026-03.csv,false,false
686,11/03/2026,-10,"ACCOUNT SERVICING FEE",Financial & Insurance,Bank fees,ANZ Joint Offset 2026-03.csv,false,false
687,03/03/2026,-8050.94,"PAYMENT TO MOODIE STEVEN JAMES",Financial & Insurance,Home loan,ANZ Joint Offset 2026-03.csv,false,false
688,26/03/2026,-150,"ANZ INTERNET BANKING PAYMENT 775908 TO ELLA MOODIE",Children,Child support payment,ANZ Offset 2026-03.csv,false,false
689,26/03/2026,6910.48,"PAY/SALARY FROM TALENT INTERNATI 500011896",Income,Your take-home pay,ANZ Offset 2026-03.csv,false,false
690,19/03/2026,-150,"ANZ INTERNET BANKING PAYMENT 400378 TO ELLA MOODIE",Children,Child support payment,ANZ Offset 2026-03.csv,false,false
691,17/03/2026,41.37,"TRANSFER FROM ATO              ATO001100022265823",,,ANZ Offset 2026-03.csv,false,false
692,16/03/2026,-10000,"ANZ M-BANKING FUNDS TFER TRANSFER 740802  TO 4564XXXXXXXX0557",Financial & Insurance,Transfer,ANZ Offset 2026-03.csv,false,false
693,12/03/2026,-402.04,"PAYMENT TO BUPA AUSTRALIA   661368390000189000",Financial & Insurance,Health insurance,ANZ Offset 2026-03.csv,false,false
694,12/03/2026,-150,"ANZ INTERNET BANKING PAYMENT 764201 TO ELLA MOODIE",Children,Child support payment,ANZ Offset 2026-03.csv,false,false
695,12/03/2026,6910.48,"PAY/SALARY FROM TALENT INTERNATI 500011896",Income,Your take-home pay,ANZ Offset 2026-03.csv,false,false
696,09/03/2026,98.69,"PAYMENT FROM MATTHEW HAWKINS",Financial & Insurance,Transfer,ANZ Offset 2026-03.csv,false,false
697,05/03/2026,-150,"ANZ INTERNET BANKING PAYMENT 374689 TO ELLA MOODIE",Children,Child support payment,ANZ Offset 2026-03.csv,false,false
698,04/03/2026,-10,"ANZ MOBILE BANKING PAYMENT 989779 TO SCOTT ALLINGTON",,,ANZ Offset 2026-03.csv,false,false
699,02/03/2026,-6000,"ANZ M-BANKING FUNDS TFER TRANSFER 125816  TO 4564XXXXXXXX0557",Financial & Insurance,Transfer,ANZ Offset 2026-03.csv,false,false
700,31/03/2026,2.27,"Payment",,,Macquarie Pay 2026-03.csv,false,false
701,25/03/2026,-3000,"To Elizabeth Hawkins  - Funds transfer",Financial & Insurance,Transfer,Macquarie Pay 2026-03.csv,false,false
702,25/03/2026,3112.11,"Salary from QLD DEPARTMENT O - SALARY 00428738",Income,Your partner's take-home pay,Macquarie Pay 2026-03.csv,false,false
703,20/03/2026,-300,"To linked account xx2193 - Internal transfer",Financial & Insurance,Transfer,Macquarie Pay 2026-03.csv,false,false
704,20/03/2026,-3000,"To Elizabeth Hawkins  - Funds transfer",Financial & Insurance,Transfer,Macquarie Pay 2026-03.csv,false,false
705,11/03/2026,3113.53,"Salary from QLD DEPARTMENT O - SALARY 00428738",Income,Your partner's take-home pay,Macquarie Pay 2026-03.csv,false,false
782,31/03/2026,0.45,"Payment",,,Macquarie Spending 2026-03.csv,false,false
783,30/03/2026,25,"From Elizabeth Hawkins - J bouldering",Financial & Insurance,Transfer,Macquarie Spending 2026-03.csv,false,false
784,30/03/2026,-25,"To Jasper Rouse-Upjohn - Bouldering",Children,Child support payment,Macquarie Spending 2026-03.csv,false,false
785,29/03/2026,-10,"Transfer To Bailen Rouse-Upjohn - Family love",Children,Child support payment,Macquarie Spending 2026-03.csv,false,false
786,29/03/2026,-10,"Transfer To Jasper Rouse-upjohn - Family love",Children,Child support payment,Macquarie Spending 2026-03.csv,false,false
787,25/03/2026,-90.11,"Transfer To Elizabeth Hawkins - Kids expenses",Financial & Insurance,Transfer,Macquarie Spending 2026-03.csv,false,false
788,25/03/2026,-12.89,"Transfer To Elizabeth Hawkins - Spotifyhealthmobil",Home & utilities,Streaming Services,Macquarie Spending 2026-03.csv,false,false
789,22/03/2026,-10,"Transfer To Bailen Rouse-Upjohn - Family love",Children,Child support payment,Macquarie Spending 2026-03.csv,false,false
790,22/03/2026,-10,"Transfer To Jasper Rouse-upjohn - Family love",Children,Child support payment,Macquarie Spending 2026-03.csv,false,false
791,20/03/2026,-5.5,"To Bailen Rouse-Upjohn - Burrito",Children,Child support payment,Macquarie Spending 2026-03.csv,false,false
792,20/03/2026,300,"From linked account xx4650 - Internal transfer",Financial & Insurance,Transfer,Macquarie Spending 2026-03.csv,false,false
793,18/03/2026,-90.11,"Transfer To Elizabeth Hawkins - Kids expenses",Financial & Insurance,Transfer,Macquarie Spending 2026-03.csv,false,false
794,18/03/2026,-12.89,"Transfer To Elizabeth Hawkins - Spotifyhealthmobil",Home & utilities,Streaming Services,Macquarie Spending 2026-03.csv,false,false
795,17/03/2026,80,"From Elizabeth Hawkins - Boys haircuts",Financial & Insurance,Transfer,Macquarie Spending 2026-03.csv,false,false
796,15/03/2026,-10,"Transfer To Bailen Rouse-Upjohn - Family love",Children,Child support payment,Macquarie Spending 2026-03.csv,false,false
797,15/03/2026,-10,"Transfer To Jasper Rouse-upjohn - Family love",Children,Child support payment,Macquarie Spending 2026-03.csv,false,false
798,11/03/2026,-90.11,"Transfer To Elizabeth Hawkins - Kids expenses",Financial & Insurance,Transfer,Macquarie Spending 2026-03.csv,false,false
799,11/03/2026,-12.89,"Transfer To Elizabeth Hawkins - Spotifyhealthmobil",Home & utilities,Streaming Services,Macquarie Spending 2026-03.csv,false,false
800,08/03/2026,-10,"Transfer To Bailen Rouse-Upjohn - Family love",Children,Child support payment,Macquarie Spending 2026-03.csv,false,false
801,08/03/2026,-10,"Transfer To Jasper Rouse-upjohn - Family love",Children,Child support payment,Macquarie Spending 2026-03.csv,false,false
802,07/03/2026,80,"From Elizabeth Hawkins - Kids haircuts",Financial & Insurance,Transfer,Macquarie Spending 2026-03.csv,false,false
803,06/03/2026,36,"From Elizabeth Hawkins - Boys pickleball",Medical, personal & education,Sports & gym,Macquarie Spending 2026-03.csv,false,false
804,04/03/2026,-90.11,"Transfer To Elizabeth Hawkins - Kids expenses",Financial & Insurance,Transfer,Macquarie Spending 2026-03.csv,false,false
805,04/03/2026,-12.89,"Transfer To Elizabeth Hawkins - Spotifyhealthmobil",Home & utilities,Streaming Services,Macquarie Spending 2026-03.csv,false,false
806,01/03/2026,-10,"Transfer To Bailen Rouse-Upjohn - Family love",Children,Child support payment,Macquarie Spending 2026-03.csv,false,false
807,01/03/2026,-10,"Transfer To Jasper Rouse-upjohn - Family love",Children,Child support payment,Macquarie Spending 2026-03.csv,false,false